url,internal_links,contextual_blog_links,money_page_links,hub_page_links,service_links,pillar_links,sample_targets,status
https://senseisandy.com/blog/after-school-jiu-jitsu,41,7,2,2,4,6,internal:/|/blog|/free-bjj-intro-tannersville-ny|/bjj-classes/kids-tannersville-ny|/schedule blog:/blog/hunter-elementary-tuesday-drop-off-bjj|/blog/schedule-sensei-weekly-template|/blog/what-does-sensei-mean-in-bjj|/blog/after-school-jiu-jitsu-calm-routine-catskills|/blog/jiu-jitsu-near-windham-mountain-club money:/free-bjj-intro-tannersville-ny|/schedule hub:/blog|/sensei-jiu-jitsu service:/bjj-classes/kids-tannersville-ny|/schedule|/bjj-classes/teens-tannersville-ny|/bjj-classes/adults-tannersville-ny pillar:/|/bjj-classes/kids-tannersville-ny|/schedule|/bjj-classes/teens-tannersville-ny|/bjj-classes/adults-tannersville-ny missingBlocks:-,pass
https://senseisandy.com/blog/after-school-jiu-jitsu-calm-routine-catskills,40,7,2,2,4,6,internal:/|/blog|/free-bjj-intro-tannersville-ny|/bjj-glossary|/nearby-towns blog:/blog/schedule-sensei-weekly-template|/blog/schedule-sensei-reset-protocol|/blog/what-does-sensei-mean-in-bjj|/blog/after-school-jiu-jitsu|/blog/jiu-jitsu-near-windham-mountain-club money:/free-bjj-intro-tannersville-ny|/schedule hub:/blog|/sensei-jiu-jitsu service:/schedule|/bjj-classes/kids-tannersville-ny|/bjj-classes/teens-tannersville-ny|/bjj-classes/adults-tannersville-ny pillar:/|/schedule|/bjj-classes/kids-tannersville-ny|/bjj-classes/teens-tannersville-ny|/bjj-classes/adults-tannersville-ny missingBlocks:-,pass
https://senseisandy.com/blog/beginner-friendly-bjj-tannersville-evidence,37,5,2,2,4,6,internal:/|/blog|/bjj-classes/adults-tannersville-ny|/free-bjj-intro-tannersville-ny|/schedule blog:/blog/exactly-what-happens-first-bjj-class-minute-by-minute|/blog/beginner-friendly-bjj-tannersville|/blog/kids-martial-arts-haines-falls|/blog/jiu-jitsu-near-windham-mountain-club|/blog/kids-jiu-jitsu-windham-ny money:/free-bjj-intro-tannersville-ny|/schedule hub:/blog|/sensei-jiu-jitsu service:/bjj-classes/adults-tannersville-ny|/schedule|/bjj-classes/kids-tannersville-ny|/bjj-classes/teens-tannersville-ny pillar:/|/bjj-classes/adults-tannersville-ny|/schedule|/bjj-classes/kids-tannersville-ny|/bjj-classes/teens-tannersville-ny missingBlocks:-,pass
https://senseisandy.com/blog/beginner-friendly-bjj-tannersville-links,36,4,2,2,4,6,internal:/|/blog|/free-bjj-intro-tannersville-ny|/bjj-classes/adults-tannersville-ny|/schedule blog:/blog/exactly-what-happens-first-bjj-class-minute-by-minute|/blog/kids-martial-arts-haines-falls|/blog/jiu-jitsu-near-windham-mountain-club|/blog/kids-jiu-jitsu-windham-ny money:/free-bjj-intro-tannersville-ny|/schedule hub:/blog|/sensei-jiu-jitsu service:/bjj-classes/adults-tannersville-ny|/schedule|/bjj-classes/kids-tannersville-ny|/bjj-classes/teens-tannersville-ny pillar:/|/bjj-classes/adults-tannersville-ny|/schedule|/bjj-classes/kids-tannersville-ny|/bjj-classes/teens-tannersville-ny missingBlocks:-,pass
https://senseisandy.com/blog/beginners-guide-bjj-human-chess,38,5,2,2,4,6,internal:/|/blog|/free-bjj-intro-tannersville-ny|/bjj-glossary|/private-lessons blog:/blog/bjj-beginners-over-40-catskills|/blog/cairo-ny-bjj-specialist|/blog/tannersville-bjj-tuesday|/blog/things-to-do-near-hunter-ny-private-bjj-coaching|/blog/kids-martial-arts-haines-falls money:/free-bjj-intro-tannersville-ny|/schedule hub:/blog|/sensei-jiu-jitsu service:/schedule|/bjj-classes/kids-tannersville-ny|/bjj-classes/teens-tannersville-ny|/bjj-classes/adults-tannersville-ny pillar:/|/schedule|/bjj-classes/kids-tannersville-ny|/bjj-classes/teens-tannersville-ny|/bjj-classes/adults-tannersville-ny missingBlocks:-,pass
https://senseisandy.com/blog/bio-ginastica-mobility,36,4,2,2,4,6,internal:/schedule|/free-bjj-intro-tannersville-ny|/|/blog|/bjj-classes/kids-tannersville-ny blog:/blog/bioginastica-movement-no-gi|/blog/jiu-jitsu-near-windham-mountain-club|/blog/kids-martial-arts-haines-falls|/blog/sanda-vs-jiu-jitsu money:/schedule|/free-bjj-intro-tannersville-ny hub:/blog|/sensei-jiu-jitsu service:/schedule|/bjj-classes/kids-tannersville-ny|/bjj-classes/teens-tannersville-ny|/bjj-classes/adults-tannersville-ny pillar:/schedule|/|/bjj-classes/kids-tannersville-ny|/bjj-classes/teens-tannersville-ny|/bjj-classes/adults-tannersville-ny missingBlocks:-,pass
https://senseisandy.com/blog/bio-switch-nervous-system,39,6,2,2,4,6,internal:/|/blog|/free-bjj-intro-tannersville-ny|/bjj-glossary|/options-pricing blog:/blog/bioginastica-movement-no-gi|/blog/neck-cranks-bjj-longevity-guide|/blog/gain-points-system|/blog/kinetic-chess-onteora-park|/blog/kids-martial-arts-haines-falls money:/free-bjj-intro-tannersville-ny|/schedule hub:/blog|/sensei-jiu-jitsu service:/schedule|/bjj-classes/kids-tannersville-ny|/bjj-classes/teens-tannersville-ny|/bjj-classes/adults-tannersville-ny pillar:/|/schedule|/bjj-classes/kids-tannersville-ny|/bjj-classes/teens-tannersville-ny|/bjj-classes/adults-tannersville-ny missingBlocks:-,pass
https://senseisandy.com/blog/bioginastica-movement-no-gi,39,6,2,2,4,6,internal:/|/blog|/free-bjj-intro-tannersville-ny|/bjj-glossary|/options-pricing blog:/blog/bio-switch-nervous-system|/blog/neck-cranks-bjj-longevity-guide|/blog/gain-points-system|/blog/kinetic-chess-onteora-park|/blog/kids-martial-arts-haines-falls money:/free-bjj-intro-tannersville-ny|/schedule hub:/blog|/sensei-jiu-jitsu service:/schedule|/bjj-classes/kids-tannersville-ny|/bjj-classes/teens-tannersville-ny|/bjj-classes/adults-tannersville-ny pillar:/|/schedule|/bjj-classes/kids-tannersville-ny|/bjj-classes/teens-tannersville-ny|/bjj-classes/adults-tannersville-ny missingBlocks:-,pass
https://senseisandy.com/blog/bjj-36-techniques,40,6,2,2,4,6,internal:/|/blog|/free-bjj-intro-tannersville-ny|/sources/gracie-academy|/bjj-glossary blog:/blog/bio-switch-nervous-system|/blog/bioginastica-movement-no-gi|/blog/neck-cranks-bjj-longevity-guide|/blog/gain-points-system|/blog/kids-martial-arts-haines-falls money:/free-bjj-intro-tannersville-ny|/schedule hub:/blog|/sensei-jiu-jitsu service:/schedule|/bjj-classes/kids-tannersville-ny|/bjj-classes/teens-tannersville-ny|/bjj-classes/adults-tannersville-ny pillar:/|/schedule|/bjj-classes/kids-tannersville-ny|/bjj-classes/teens-tannersville-ny|/bjj-classes/adults-tannersville-ny missingBlocks:-,pass
https://senseisandy.com/blog/bjj-beginners-over-40-catskills,37,4,2,2,4,6,internal:/|/blog|/free-bjj-intro-tannersville-ny|/bjj-glossary|/options-pricing blog:/blog/cairo-ny-bjj-specialist|/blog/tannersville-bjj-tuesday|/blog/things-to-do-near-hunter-ny-private-bjj-coaching|/blog/kids-martial-arts-haines-falls money:/free-bjj-intro-tannersville-ny|/schedule hub:/blog|/sensei-jiu-jitsu service:/schedule|/bjj-classes/kids-tannersville-ny|/bjj-classes/teens-tannersville-ny|/bjj-classes/adults-tannersville-ny pillar:/|/schedule|/bjj-classes/kids-tannersville-ny|/bjj-classes/teens-tannersville-ny|/bjj-classes/adults-tannersville-ny missingBlocks:-,pass
https://senseisandy.com/blog/bjj-belts-stripes-promotions,37,4,2,2,4,6,internal:/|/blog|/free-bjj-intro-tannersville-ny|/bjj-glossary|/blog/bjj-promotions-how-often blog:/blog/bjj-promotions-how-often|/blog/bjj-black-belt-degree-time|/blog/kids-teens-bjj-belts-ranks-stripes-promotions|/blog/kids-martial-arts-haines-falls money:/free-bjj-intro-tannersville-ny|/schedule hub:/blog|/sensei-jiu-jitsu service:/schedule|/bjj-classes/kids-tannersville-ny|/bjj-classes/teens-tannersville-ny|/bjj-classes/adults-tannersville-ny pillar:/|/schedule|/bjj-classes/kids-tannersville-ny|/bjj-classes/teens-tannersville-ny|/bjj-classes/adults-tannersville-ny missingBlocks:-,pass
https://senseisandy.com/blog/bjj-black-belt-degree-time,38,4,2,2,4,6,internal:/|/blog|/blog/bjj-black-belt-degree-time|/free-bjj-intro-tannersville-ny|/bjj-glossary blog:/blog/bjj-promotions-how-often|/blog/bjj-belts-stripes-promotions|/blog/kids-teens-bjj-belts-ranks-stripes-promotions|/blog/kids-martial-arts-haines-falls money:/free-bjj-intro-tannersville-ny|/schedule hub:/blog|/sensei-jiu-jitsu service:/schedule|/bjj-classes/kids-tannersville-ny|/bjj-classes/teens-tannersville-ny|/bjj-classes/adults-tannersville-ny pillar:/|/schedule|/bjj-classes/kids-tannersville-ny|/bjj-classes/teens-tannersville-ny|/bjj-classes/adults-tannersville-ny missingBlocks:-,pass
https://senseisandy.com/blog/bjj-promotions-how-often,39,5,2,2,4,6,internal:/|/blog|/free-bjj-intro-tannersville-ny|/blog/bjj-promotions-how-often|/bjj-glossary blog:/blog/bjj-belts-stripes-promotions|/blog/bjj-black-belt-degree-time|/blog/seated-guard-basics|/blog/kids-teens-bjj-belts-ranks-stripes-promotions|/blog/kids-martial-arts-haines-falls money:/free-bjj-intro-tannersville-ny|/schedule hub:/blog|/sensei-jiu-jitsu service:/schedule|/bjj-classes/kids-tannersville-ny|/bjj-classes/teens-tannersville-ny|/bjj-classes/adults-tannersville-ny pillar:/|/schedule|/bjj-classes/kids-tannersville-ny|/bjj-classes/teens-tannersville-ny|/bjj-classes/adults-tannersville-ny missingBlocks:-,pass
https://senseisandy.com/blog/bjj-sensei,42,9,2,2,4,6,internal:/|/blog|/free-bjj-intro-tannersville-ny|/bjj-glossary|/options-pricing blog:/blog/sensei-rules|/blog/can-you-beat-sensei-without-a-black-belt|/blog/sensei-mma-bjj|/blog/schedule-sensei-weekly-template|/blog/what-does-sensei-mean-in-bjj money:/free-bjj-intro-tannersville-ny|/schedule hub:/blog|/sensei-jiu-jitsu service:/schedule|/bjj-classes/kids-tannersville-ny|/bjj-classes/teens-tannersville-ny|/bjj-classes/adults-tannersville-ny pillar:/|/schedule|/bjj-classes/kids-tannersville-ny|/bjj-classes/teens-tannersville-ny|/bjj-classes/adults-tannersville-ny missingBlocks:-,pass
https://senseisandy.com/blog/cairo-ny-bjj-specialist,37,4,2,2,4,6,internal:/|/blog|/free-bjj-intro-tannersville-ny|/bjj-glossary|/options-pricing blog:/blog/bjj-beginners-over-40-catskills|/blog/tannersville-bjj-tuesday|/blog/things-to-do-near-hunter-ny-private-bjj-coaching|/blog/kids-martial-arts-haines-falls money:/free-bjj-intro-tannersville-ny|/schedule hub:/blog|/sensei-jiu-jitsu service:/schedule|/bjj-classes/kids-tannersville-ny|/bjj-classes/teens-tannersville-ny|/bjj-classes/adults-tannersville-ny pillar:/|/schedule|/bjj-classes/kids-tannersville-ny|/bjj-classes/teens-tannersville-ny|/bjj-classes/adults-tannersville-ny missingBlocks:-,pass
https://senseisandy.com/blog/can-you-beat-sensei-without-a-black-belt,38,6,2,2,4,6,internal:/free-bjj-intro-tannersville-ny|/blog/schedule-sensei|/blog/bjj-black-belt-degree-time|/blog|/ blog:/blog/schedule-sensei|/blog/bjj-black-belt-degree-time|/blog/kids-martial-arts-haines-falls|/blog/jiu-jitsu-near-windham-mountain-club|/blog/sanda-vs-jiu-jitsu money:/free-bjj-intro-tannersville-ny|/schedule hub:/blog|/sensei-jiu-jitsu service:/bjj-classes/kids-tannersville-ny|/bjj-classes/teens-tannersville-ny|/bjj-classes/adults-tannersville-ny|/schedule pillar:/|/bjj-classes/kids-tannersville-ny|/bjj-classes/teens-tannersville-ny|/bjj-classes/adults-tannersville-ny|/schedule missingBlocks:-,pass
https://senseisandy.com/blog/catskills-gym-alternative-jiu-jitsu,40,7,2,2,4,6,internal:/|/blog|/free-bjj-intro-tannersville-ny|/bjj-glossary|/options-pricing blog:/blog/sanda-vs-jiu-jitsu|/blog/sanda-vs-jiu-jitsu-for-mma|/blog/beginner-friendly-bjj-tannersville|/blog/jiu-jitsu-near-windham-mountain-club|/blog/kids-martial-arts-haines-falls money:/free-bjj-intro-tannersville-ny|/schedule hub:/blog|/sensei-jiu-jitsu service:/bjj-classes/adults-tannersville-ny|/bjj-classes/kids-tannersville-ny|/bjj-classes/teens-tannersville-ny|/schedule pillar:/|/bjj-classes/adults-tannersville-ny|/bjj-classes/kids-tannersville-ny|/bjj-classes/teens-tannersville-ny|/schedule missingBlocks:-,pass
https://senseisandy.com/blog/confidence-protocol,34,2,2,2,4,6,internal:/free-bjj-intro-tannersville-ny|/bjj-classes/kids-tannersville-ny|/bjj-classes/teens-tannersville-ny|/bjj-classes/adults-tannersville-ny|/schedule blog:/blog/beginner-friendly-bjj-tannersville|/blog/exactly-what-happens-first-bjj-class-minute-by-minute money:/free-bjj-intro-tannersville-ny|/schedule hub:/blog|/sensei-jiu-jitsu service:/bjj-classes/kids-tannersville-ny|/bjj-classes/teens-tannersville-ny|/bjj-classes/adults-tannersville-ny|/schedule pillar:/bjj-classes/kids-tannersville-ny|/bjj-classes/teens-tannersville-ny|/bjj-classes/adults-tannersville-ny|/schedule|/ missingBlocks:-,pass
https://senseisandy.com/blog/exactly-what-happens-first-bjj-class-minute-by-minute,36,4,2,2,4,6,internal:/|/blog|/free-bjj-intro-tannersville-ny|/schedule|/bjj-classes/kids-tannersville-ny blog:/blog/jiu-jitsu-near-windham-mountain-club|/blog/kids-martial-arts-haines-falls|/blog/bioginastica-movement-no-gi|/blog/schedule-sensei-weekly-template money:/free-bjj-intro-tannersville-ny|/schedule hub:/blog|/sensei-jiu-jitsu service:/schedule|/bjj-classes/kids-tannersville-ny|/bjj-classes/teens-tannersville-ny|/bjj-classes/adults-tannersville-ny pillar:/|/schedule|/bjj-classes/kids-tannersville-ny|/bjj-classes/teens-tannersville-ny|/bjj-classes/adults-tannersville-ny missingBlocks:-,pass
https://senseisandy.com/blog/gain-points-system,39,6,2,2,4,6,internal:/|/blog|/free-bjj-intro-tannersville-ny|/bjj-glossary|/private-lessons blog:/blog/bio-switch-nervous-system|/blog/bioginastica-movement-no-gi|/blog/neck-cranks-bjj-longevity-guide|/blog/kinetic-chess-onteora-park|/blog/kids-martial-arts-haines-falls money:/free-bjj-intro-tannersville-ny|/schedule hub:/blog|/sensei-jiu-jitsu service:/schedule|/bjj-classes/kids-tannersville-ny|/bjj-classes/teens-tannersville-ny|/bjj-classes/adults-tannersville-ny pillar:/|/schedule|/bjj-classes/kids-tannersville-ny|/bjj-classes/teens-tannersville-ny|/bjj-classes/adults-tannersville-ny missingBlocks:-,pass
https://senseisandy.com/blog/gi-bjj-windham-ny,40,7,2,2,4,6,internal:/|/blog|/free-bjj-intro-tannersville-ny|/bjj-classes/adults-tannersville-ny|/schedule blog:/blog/gi-vs-no-gi-bjj-cheat-code|/blog/bjj-belts-stripes-promotions|/blog/jiu-jitsu-windham-ny|/blog/jiu-jitsu-near-windham-mountain-club|/blog/kids-martial-arts-haines-falls money:/free-bjj-intro-tannersville-ny|/schedule hub:/blog|/sensei-jiu-jitsu service:/bjj-classes/adults-tannersville-ny|/schedule|/bjj-classes/kids-tannersville-ny|/bjj-classes/teens-tannersville-ny pillar:/|/bjj-classes/adults-tannersville-ny|/schedule|/bjj-classes/kids-tannersville-ny|/bjj-classes/teens-tannersville-ny missingBlocks:-,pass
https://senseisandy.com/blog/gi-vs-no-gi-bjj-cheat-code,41,8,2,2,4,6,internal:/|/blog|/free-bjj-intro-tannersville-ny|/schedule|/blog/gi-vs-no-gi-bjj-cheat-code blog:/blog/seated-guard-basics|/blog/what-is-sanda-sanshou|/blog/sanda-vs-jiu-jitsu-for-mma|/blog/bjj-promotions-how-often|/blog/sanda-vs-jiu-jitsu money:/free-bjj-intro-tannersville-ny|/schedule hub:/blog|/sensei-jiu-jitsu service:/schedule|/bjj-classes/adults-tannersville-ny|/bjj-classes/kids-tannersville-ny|/bjj-classes/teens-tannersville-ny pillar:/|/schedule|/bjj-classes/adults-tannersville-ny|/bjj-classes/kids-tannersville-ny|/bjj-classes/teens-tannersville-ny missingBlocks:-,pass
https://senseisandy.com/blog/growth-over-gold-bjj-mindset,38,4,2,2,4,6,internal:/|/blog|/free-bjj-intro-tannersville-ny|/bjj-glossary|/bjj-glossary/side-control blog:/blog/kids-martial-arts-haines-falls|/blog/jiu-jitsu-near-windham-mountain-club|/blog/beginners-guide-bjj-human-chess|/blog/bjj-beginners-over-40-catskills money:/free-bjj-intro-tannersville-ny|/schedule hub:/blog|/sensei-jiu-jitsu service:/schedule|/bjj-classes/kids-tannersville-ny|/bjj-classes/teens-tannersville-ny|/bjj-classes/adults-tannersville-ny pillar:/|/schedule|/bjj-classes/kids-tannersville-ny|/bjj-classes/teens-tannersville-ny|/bjj-classes/adults-tannersville-ny missingBlocks:-,pass
https://senseisandy.com/blog/how-to-fall-safely-bjj-breakfalls,40,5,2,2,4,6,internal:/|/blog|/free-bjj-intro-tannersville-ny|/after-school|/samurai-break blog:/blog/schedule-sensei-weekly-template|/blog/wrestle-ups-scramble|/blog/jiu-jitsu-near-windham-mountain-club|/blog/sanda-vs-jiu-jitsu|/blog/kids-martial-arts-haines-falls money:/free-bjj-intro-tannersville-ny|/schedule hub:/blog|/sensei-jiu-jitsu service:/bjj-classes/kids-tannersville-ny|/bjj-classes/teens-tannersville-ny|/bjj-classes/adults-tannersville-ny|/schedule pillar:/|/bjj-classes/kids-tannersville-ny|/bjj-classes/teens-tannersville-ny|/bjj-classes/adults-tannersville-ny|/schedule missingBlocks:-,pass
https://senseisandy.com/blog/hunter-elementary-tuesday-drop-off-bjj,37,4,2,2,4,6,internal:/|/blog|/free-bjj-intro-tannersville-ny|/bjj-glossary|/options-pricing blog:/blog/kids-martial-arts-haines-falls|/blog/jiu-jitsu-near-windham-mountain-club|/blog/schedule-sensei-weekly-template|/blog/after-school-jiu-jitsu money:/free-bjj-intro-tannersville-ny|/schedule hub:/blog|/sensei-jiu-jitsu service:/schedule|/bjj-classes/kids-tannersville-ny|/bjj-classes/teens-tannersville-ny|/bjj-classes/adults-tannersville-ny pillar:/|/schedule|/bjj-classes/kids-tannersville-ny|/bjj-classes/teens-tannersville-ny|/bjj-classes/adults-tannersville-ny missingBlocks:-,pass
https://senseisandy.com/blog/jiu-jitsu-near-hunter-mountain,38,5,2,2,4,6,internal:/|/blog|/free-bjj-intro-tannersville-ny|/bjj-classes/hunter-ny|/private-lessons blog:/blog/things-to-do-near-hunter-ny-private-bjj-coaching|/blog/jiu-jitsu-windham-ny|/blog/kids-martial-arts-haines-falls|/blog/jiu-jitsu-near-windham-mountain-club|/blog/teen-jiu-jitsu-hunter-ny money:/free-bjj-intro-tannersville-ny|/schedule hub:/blog|/sensei-jiu-jitsu service:/schedule|/bjj-classes/kids-tannersville-ny|/bjj-classes/teens-tannersville-ny|/bjj-classes/adults-tannersville-ny pillar:/|/schedule|/bjj-classes/kids-tannersville-ny|/bjj-classes/teens-tannersville-ny|/bjj-classes/adults-tannersville-ny missingBlocks:-,pass
https://senseisandy.com/blog/jiu-jitsu-near-windham-mountain-club,40,7,2,2,4,6,internal:/|/blog|/free-bjj-intro-tannersville-ny|/bjj-classes/windham-ny|/schedule blog:/blog/jiu-jitsu-near-windham-mountain-club-ski-families|/blog/gi-vs-no-gi-bjj-cheat-code|/blog/kids-martial-arts-haines-falls|/blog/schedule-sensei-weekly-template|/blog/what-does-sensei-mean-in-bjj money:/free-bjj-intro-tannersville-ny|/schedule hub:/blog|/sensei-jiu-jitsu service:/schedule|/bjj-classes/kids-tannersville-ny|/bjj-classes/teens-tannersville-ny|/bjj-classes/adults-tannersville-ny pillar:/|/schedule|/bjj-classes/kids-tannersville-ny|/bjj-classes/teens-tannersville-ny|/bjj-classes/adults-tannersville-ny missingBlocks:-,pass
https://senseisandy.com/blog/jiu-jitsu-near-windham-mountain-club-ski-families,41,8,2,2,4,6,internal:/|/blog|/nearby-towns|/free-bjj-intro-tannersville-ny|/schedule blog:/blog/gi-vs-no-gi-bjj-cheat-code|/blog/schedule-sensei-weekly-template|/blog/things-to-do-near-hunter-ny-private-bjj-coaching|/blog/what-does-sensei-mean-in-bjj|/blog/after-school-jiu-jitsu money:/free-bjj-intro-tannersville-ny|/schedule hub:/blog|/sensei-jiu-jitsu service:/schedule|/bjj-classes/adults-tannersville-ny|/bjj-classes/kids-tannersville-ny|/bjj-classes/teens-tannersville-ny pillar:/|/schedule|/bjj-classes/adults-tannersville-ny|/bjj-classes/kids-tannersville-ny|/bjj-classes/teens-tannersville-ny missingBlocks:-,pass
https://senseisandy.com/blog/jiu-jitsu-windham-ny,38,5,2,2,4,6,internal:/|/blog|/free-bjj-intro-tannersville-ny|/bjj-classes/windham-ny|/bjj-glossary blog:/blog/martial-arts-windham-ny-why-families-pick-jiu-jitsu|/blog/jiu-jitsu-near-windham-mountain-club|/blog/kids-martial-arts-haines-falls|/blog/jiu-jitsu-near-hunter-mountain|/blog/kids-jiu-jitsu-windham-ny money:/free-bjj-intro-tannersville-ny|/schedule hub:/blog|/sensei-jiu-jitsu service:/schedule|/bjj-classes/kids-tannersville-ny|/bjj-classes/teens-tannersville-ny|/bjj-classes/adults-tannersville-ny pillar:/|/schedule|/bjj-classes/kids-tannersville-ny|/bjj-classes/teens-tannersville-ny|/bjj-classes/adults-tannersville-ny missingBlocks:-,pass
https://senseisandy.com/blog/kids-jiu-jitsu-windham-ny,40,7,2,2,4,6,internal:/|/blog|/free-bjj-intro-tannersville-ny|/bjj-classes/kids-tannersville-ny|/schedule blog:/blog/hunter-elementary-tuesday-drop-off-bjj|/blog/exactly-what-happens-first-bjj-class-minute-by-minute|/blog/jiu-jitsu-windham-ny|/blog/after-school-jiu-jitsu|/blog/kids-martial-arts-haines-falls money:/free-bjj-intro-tannersville-ny|/schedule hub:/blog|/sensei-jiu-jitsu service:/bjj-classes/kids-tannersville-ny|/schedule|/bjj-classes/teens-tannersville-ny|/bjj-classes/adults-tannersville-ny pillar:/|/bjj-classes/kids-tannersville-ny|/schedule|/bjj-classes/teens-tannersville-ny|/bjj-classes/adults-tannersville-ny missingBlocks:-,pass
https://senseisandy.com/blog/kids-martial-arts-haines-falls,39,6,2,2,4,6,internal:/|/blog|/free-bjj-intro-tannersville-ny|/bjj-classes/haines-falls-ny|/bjj-classes/kids-tannersville-ny blog:/blog/kids-martial-arts-haines-falls-beginner-friendly-jiu-jitsu|/blog/after-school-jiu-jitsu|/blog/schedule-sensei-weekly-template|/blog/what-does-sensei-mean-in-bjj|/blog/after-school-jiu-jitsu-calm-routine-catskills money:/free-bjj-intro-tannersville-ny|/schedule hub:/blog|/sensei-jiu-jitsu service:/bjj-classes/kids-tannersville-ny|/schedule|/bjj-classes/teens-tannersville-ny|/bjj-classes/adults-tannersville-ny pillar:/|/bjj-classes/kids-tannersville-ny|/schedule|/bjj-classes/teens-tannersville-ny|/bjj-classes/adults-tannersville-ny missingBlocks:-,pass
https://senseisandy.com/blog/kids-martial-arts-haines-falls-beginner-friendly-jiu-jitsu,40,7,2,2,4,6,internal:/|/blog|/nearby-towns|/free-bjj-intro-tannersville-ny|/schedule blog:/blog/after-school-jiu-jitsu-calm-routine-catskills|/blog/bjj-belts-stripes-promotions|/blog/schedule-sensei-weekly-template|/blog/what-does-sensei-mean-in-bjj|/blog/after-school-jiu-jitsu money:/free-bjj-intro-tannersville-ny|/schedule hub:/blog|/sensei-jiu-jitsu service:/schedule|/bjj-classes/kids-tannersville-ny|/bjj-classes/teens-tannersville-ny|/bjj-classes/adults-tannersville-ny pillar:/|/schedule|/bjj-classes/kids-tannersville-ny|/bjj-classes/teens-tannersville-ny|/bjj-classes/adults-tannersville-ny missingBlocks:-,pass
https://senseisandy.com/blog/kids-teens-bjj-belts-ranks-stripes-promotions,39,4,2,2,4,6,internal:/|/blog|/free-bjj-intro-tannersville-ny|/blog/kids-teens-bjj-belts-ranks-stripes-promotions|/bjj-glossary blog:/blog/bjj-belts-stripes-promotions|/blog/bjj-promotions-how-often|/blog/bjj-black-belt-degree-time|/blog/kids-martial-arts-haines-falls money:/free-bjj-intro-tannersville-ny|/schedule hub:/blog|/sensei-jiu-jitsu service:/schedule|/bjj-classes/kids-tannersville-ny|/bjj-classes/teens-tannersville-ny|/bjj-classes/adults-tannersville-ny pillar:/|/schedule|/bjj-classes/kids-tannersville-ny|/bjj-classes/teens-tannersville-ny|/bjj-classes/adults-tannersville-ny missingBlocks:-,pass
https://senseisandy.com/blog/kinetic-chess-onteora-park,39,6,2,2,4,6,internal:/|/blog|/free-bjj-intro-tannersville-ny|/bjj-glossary|/options-pricing blog:/blog/bio-switch-nervous-system|/blog/bioginastica-movement-no-gi|/blog/neck-cranks-bjj-longevity-guide|/blog/gain-points-system|/blog/kids-martial-arts-haines-falls money:/free-bjj-intro-tannersville-ny|/schedule hub:/blog|/sensei-jiu-jitsu service:/schedule|/bjj-classes/kids-tannersville-ny|/bjj-classes/teens-tannersville-ny|/bjj-classes/adults-tannersville-ny pillar:/|/schedule|/bjj-classes/kids-tannersville-ny|/bjj-classes/teens-tannersville-ny|/bjj-classes/adults-tannersville-ny missingBlocks:-,pass
https://senseisandy.com/blog/martial-arts-windham-ny-why-families-pick-jiu-jitsu,42,9,2,2,4,6,internal:/|/blog|/free-bjj-intro-tannersville-ny|/nearby-towns|/blog/jiu-jitsu-windham-ny blog:/blog/jiu-jitsu-windham-ny|/blog/gi-vs-no-gi-bjj-cheat-code|/blog/bjj-belts-stripes-promotions|/blog/after-school-jiu-jitsu-calm-routine-catskills|/blog/schedule-sensei-weekly-template money:/free-bjj-intro-tannersville-ny|/schedule hub:/blog|/sensei-jiu-jitsu service:/schedule|/bjj-classes/kids-tannersville-ny|/bjj-classes/teens-tannersville-ny|/bjj-classes/adults-tannersville-ny pillar:/|/schedule|/bjj-classes/kids-tannersville-ny|/bjj-classes/teens-tannersville-ny|/bjj-classes/adults-tannersville-ny missingBlocks:-,pass
https://senseisandy.com/blog/neck-cranks-bjj-longevity-guide,39,6,2,2,4,6,internal:/|/blog|/free-bjj-intro-tannersville-ny|/bjj-glossary|/options-pricing blog:/blog/bio-switch-nervous-system|/blog/bioginastica-movement-no-gi|/blog/gain-points-system|/blog/kinetic-chess-onteora-park|/blog/kids-martial-arts-haines-falls money:/free-bjj-intro-tannersville-ny|/schedule hub:/blog|/sensei-jiu-jitsu service:/schedule|/bjj-classes/kids-tannersville-ny|/bjj-classes/teens-tannersville-ny|/bjj-classes/adults-tannersville-ny pillar:/|/schedule|/bjj-classes/kids-tannersville-ny|/bjj-classes/teens-tannersville-ny|/bjj-classes/adults-tannersville-ny missingBlocks:-,pass
https://senseisandy.com/blog/no-gi-windham-ny,40,7,2,2,4,6,internal:/|/blog|/free-bjj-intro-tannersville-ny|/bjj-classes/adults-tannersville-ny|/schedule blog:/blog/gi-vs-no-gi-bjj-cheat-code|/blog/jiu-jitsu-windham-ny|/blog/private-jiu-jitsu-lessons-windham-ny|/blog/kids-martial-arts-haines-falls|/blog/jiu-jitsu-near-windham-mountain-club money:/free-bjj-intro-tannersville-ny|/schedule hub:/blog|/sensei-jiu-jitsu service:/bjj-classes/adults-tannersville-ny|/schedule|/bjj-classes/kids-tannersville-ny|/bjj-classes/teens-tannersville-ny pillar:/|/bjj-classes/adults-tannersville-ny|/schedule|/bjj-classes/kids-tannersville-ny|/bjj-classes/teens-tannersville-ny missingBlocks:-,pass
https://senseisandy.com/blog/onteora-park-summer-activities-catskills,36,4,2,2,4,6,internal:/|/blog|/schedule|/private-lessons|/bjj-classes/kids-tannersville-ny blog:/blog/kinetic-chess-onteora-park|/blog/tannersville-bjj-tuesday|/blog/kids-martial-arts-haines-falls|/blog/sanda-vs-jiu-jitsu money:/schedule|/free-bjj-intro-tannersville-ny hub:/blog|/sensei-jiu-jitsu service:/schedule|/bjj-classes/kids-tannersville-ny|/bjj-classes/teens-tannersville-ny|/bjj-classes/adults-tannersville-ny pillar:/|/schedule|/bjj-classes/kids-tannersville-ny|/bjj-classes/teens-tannersville-ny|/bjj-classes/adults-tannersville-ny missingBlocks:-,pass
https://senseisandy.com/blog/private-jiu-jitsu-lessons-windham-ny,40,7,2,2,4,6,internal:/|/blog|/free-bjj-intro-tannersville-ny|/private-lessons|/bjj-classes/windham-ny blog:/blog/jiu-jitsu-near-windham-mountain-club-ski-families|/blog/jiu-jitsu-windham-ny|/blog/things-to-do-near-hunter-ny-private-bjj-coaching|/blog/kids-martial-arts-haines-falls|/blog/jiu-jitsu-near-windham-mountain-club money:/free-bjj-intro-tannersville-ny|/schedule hub:/blog|/sensei-jiu-jitsu service:/bjj-classes/adults-tannersville-ny|/schedule|/bjj-classes/kids-tannersville-ny|/bjj-classes/teens-tannersville-ny pillar:/|/bjj-classes/adults-tannersville-ny|/schedule|/bjj-classes/kids-tannersville-ny|/bjj-classes/teens-tannersville-ny missingBlocks:-,pass
https://senseisandy.com/blog/sanda-vs-jiu-jitsu,40,7,2,2,4,6,internal:/|/blog|/blog/sanda-vs-jiu-jitsu|/free-bjj-intro-tannersville-ny|/bjj-glossary blog:/blog/seated-guard-basics|/blog/what-is-sanda-sanshou|/blog/sanda-vs-jiu-jitsu-for-mma|/blog/jiu-jitsu-near-windham-mountain-club|/blog/kids-martial-arts-haines-falls money:/free-bjj-intro-tannersville-ny|/schedule hub:/blog|/sensei-jiu-jitsu service:/schedule|/bjj-classes/kids-tannersville-ny|/bjj-classes/teens-tannersville-ny|/bjj-classes/adults-tannersville-ny pillar:/|/schedule|/bjj-classes/kids-tannersville-ny|/bjj-classes/teens-tannersville-ny|/bjj-classes/adults-tannersville-ny missingBlocks:-,pass
https://senseisandy.com/blog/sanda-vs-jiu-jitsu-for-mma,39,7,2,2,4,6,internal:/|/blog|/free-bjj-intro-tannersville-ny|/blog/sanda-vs-jiu-jitsu|/bjj-glossary blog:/blog/sanda-vs-jiu-jitsu|/blog/sensei-mma-bjj|/blog/exactly-what-happens-first-bjj-class-minute-by-minute|/blog/gi-vs-no-gi-bjj-cheat-code|/blog/kids-martial-arts-haines-falls money:/free-bjj-intro-tannersville-ny|/schedule hub:/blog|/sensei-jiu-jitsu service:/bjj-classes/kids-tannersville-ny|/bjj-classes/teens-tannersville-ny|/bjj-classes/adults-tannersville-ny|/schedule pillar:/|/bjj-classes/kids-tannersville-ny|/bjj-classes/teens-tannersville-ny|/bjj-classes/adults-tannersville-ny|/schedule missingBlocks:-,pass
https://senseisandy.com/blog/schedule-sensei,39,6,2,2,4,6,internal:/schedule|/free-bjj-intro-tannersville-ny|/blog/schedule-sensei|/blog/schedule-sensei-reset-protocol|/blog/can-you-beat-sensei-without-a-black-belt blog:/blog/schedule-sensei-reset-protocol|/blog/can-you-beat-sensei-without-a-black-belt|/blog/exactly-what-happens-first-bjj-class-minute-by-minute|/blog/schedule-sensei-weekly-template|/blog/jiu-jitsu-near-windham-mountain-club money:/schedule|/free-bjj-intro-tannersville-ny hub:/blog|/sensei-jiu-jitsu service:/schedule|/bjj-classes/kids-tannersville-ny|/bjj-classes/teens-tannersville-ny|/bjj-classes/adults-tannersville-ny pillar:/schedule|/|/bjj-classes/kids-tannersville-ny|/bjj-classes/teens-tannersville-ny|/bjj-classes/adults-tannersville-ny missingBlocks:-,pass
https://senseisandy.com/blog/schedule-sensei-reset-protocol,39,7,2,2,4,6,internal:/|/blog|/free-bjj-intro-tannersville-ny|/blog/schedule-sensei|/blog/schedule-sensei-weekly-template blog:/blog/schedule-sensei|/blog/schedule-sensei-weekly-template|/blog/exactly-what-happens-first-bjj-class-minute-by-minute|/blog/snow-day-protocol-bjj-home-dojo|/blog/growth-over-gold-bjj-mindset money:/free-bjj-intro-tannersville-ny|/schedule hub:/blog|/sensei-jiu-jitsu service:/schedule|/bjj-classes/kids-tannersville-ny|/bjj-classes/teens-tannersville-ny|/bjj-classes/adults-tannersville-ny pillar:/|/schedule|/bjj-classes/kids-tannersville-ny|/bjj-classes/teens-tannersville-ny|/bjj-classes/adults-tannersville-ny missingBlocks:-,pass
https://senseisandy.com/blog/schedule-sensei-weekly-template,40,7,2,2,4,6,internal:/|/blog|/free-bjj-intro-tannersville-ny|/schedule|/bjj-classes/adults-tannersville-ny blog:/blog/schedule-sensei-reset-protocol|/blog/after-school-jiu-jitsu-calm-routine-catskills|/blog/what-does-sensei-mean-in-bjj|/blog/after-school-jiu-jitsu|/blog/jiu-jitsu-near-windham-mountain-club money:/free-bjj-intro-tannersville-ny|/schedule hub:/blog|/sensei-jiu-jitsu service:/schedule|/bjj-classes/adults-tannersville-ny|/bjj-classes/teens-tannersville-ny|/bjj-classes/kids-tannersville-ny pillar:/|/schedule|/bjj-classes/adults-tannersville-ny|/bjj-classes/teens-tannersville-ny|/bjj-classes/kids-tannersville-ny missingBlocks:-,pass
https://senseisandy.com/blog/seated-guard-basics,37,5,2,2,4,6,internal:/|/blog|/free-bjj-intro-tannersville-ny|/bjj-glossary|/options-pricing blog:/blog/how-to-fall-safely-bjj-breakfalls|/blog/takedown-defense|/blog/wrestle-ups-scramble|/blog/kids-martial-arts-haines-falls|/blog/jiu-jitsu-near-windham-mountain-club money:/free-bjj-intro-tannersville-ny|/schedule hub:/blog|/sensei-jiu-jitsu service:/schedule|/bjj-classes/kids-tannersville-ny|/bjj-classes/teens-tannersville-ny|/bjj-classes/adults-tannersville-ny pillar:/|/schedule|/bjj-classes/kids-tannersville-ny|/bjj-classes/teens-tannersville-ny|/bjj-classes/adults-tannersville-ny missingBlocks:-,pass
https://senseisandy.com/blog/sensei-mma-bjj,36,4,2,2,4,6,internal:/|/blog|/free-bjj-intro-tannersville-ny|/bjj-glossary|/options-pricing blog:/blog/kids-martial-arts-haines-falls|/blog/sanda-vs-jiu-jitsu|/blog/jiu-jitsu-near-windham-mountain-club|/blog/gi-vs-no-gi-bjj-cheat-code money:/free-bjj-intro-tannersville-ny|/schedule hub:/blog|/sensei-jiu-jitsu service:/bjj-classes/kids-tannersville-ny|/bjj-classes/teens-tannersville-ny|/bjj-classes/adults-tannersville-ny|/schedule pillar:/|/bjj-classes/kids-tannersville-ny|/bjj-classes/teens-tannersville-ny|/bjj-classes/adults-tannersville-ny|/schedule missingBlocks:-,pass
https://senseisandy.com/blog/sensei-rules,39,6,2,2,4,6,internal:/|/blog|/free-bjj-intro-tannersville-ny|/blog/sensei-rules|/bjj-glossary blog:/blog/beginner-friendly-bjj-tannersville|/blog/how-to-fall-safely-bjj-breakfalls|/blog/sanda-vs-jiu-jitsu|/blog/kids-martial-arts-haines-falls|/blog/jiu-jitsu-near-windham-mountain-club money:/free-bjj-intro-tannersville-ny|/schedule hub:/blog|/sensei-jiu-jitsu service:/schedule|/bjj-classes/kids-tannersville-ny|/bjj-classes/teens-tannersville-ny|/bjj-classes/adults-tannersville-ny pillar:/|/schedule|/bjj-classes/kids-tannersville-ny|/bjj-classes/teens-tannersville-ny|/bjj-classes/adults-tannersville-ny missingBlocks:-,pass
https://senseisandy.com/blog/snow-day-protocol-bjj-home-dojo,36,4,2,2,4,6,internal:/|/blog|/free-bjj-intro-tannersville-ny|/bjj-glossary|/options-pricing blog:/blog/jiu-jitsu-near-windham-mountain-club|/blog/sanda-vs-jiu-jitsu|/blog/schedule-sensei-weekly-template|/blog/kids-martial-arts-haines-falls money:/free-bjj-intro-tannersville-ny|/schedule hub:/blog|/sensei-jiu-jitsu service:/bjj-classes/kids-tannersville-ny|/bjj-classes/teens-tannersville-ny|/bjj-classes/adults-tannersville-ny|/schedule pillar:/|/bjj-classes/kids-tannersville-ny|/bjj-classes/teens-tannersville-ny|/bjj-classes/adults-tannersville-ny|/schedule missingBlocks:-,pass
https://senseisandy.com/blog/spring-fling-is-here,38,4,2,2,4,6,internal:/|/blog|/free-bjj-intro-tannersville-ny|/bjj-glossary|/sources/gracie-academy blog:/blog/sanda-vs-jiu-jitsu|/blog/schedule-sensei-weekly-template|/blog/jiu-jitsu-near-windham-mountain-club|/blog/kids-martial-arts-haines-falls money:/free-bjj-intro-tannersville-ny|/schedule hub:/blog|/sensei-jiu-jitsu service:/schedule|/bjj-classes/kids-tannersville-ny|/bjj-classes/teens-tannersville-ny|/bjj-classes/adults-tannersville-ny pillar:/|/schedule|/bjj-classes/kids-tannersville-ny|/bjj-classes/teens-tannersville-ny|/bjj-classes/adults-tannersville-ny missingBlocks:-,pass
https://senseisandy.com/blog/tags/adult-bjj,46,14,2,2,4,6,internal:/bjj-classes/adults-tannersville-ny|/free-bjj-intro-tannersville-ny|/|/blog|/blog/exactly-what-happens-first-bjj-class-minute-by-minute blog:/blog/exactly-what-happens-first-bjj-class-minute-by-minute|/blog/bjj-beginners-over-40-catskills|/blog/gi-bjj-windham-ny|/blog/no-gi-windham-ny|/blog/gi-vs-no-gi-bjj-cheat-code money:/free-bjj-intro-tannersville-ny|/schedule hub:/blog|/sensei-jiu-jitsu service:/bjj-classes/adults-tannersville-ny|/schedule|/bjj-classes/kids-tannersville-ny|/bjj-classes/teens-tannersville-ny pillar:/bjj-classes/adults-tannersville-ny|/|/schedule|/bjj-classes/kids-tannersville-ny|/bjj-classes/teens-tannersville-ny missingBlocks:-,pass
https://senseisandy.com/blog/tags/starting-jiu-jitsu,44,12,2,2,4,6,internal:/free-bjj-intro-tannersville-ny|/schedule|/|/blog|/blog/exactly-what-happens-first-bjj-class-minute-by-minute blog:/blog/exactly-what-happens-first-bjj-class-minute-by-minute|/blog/beginner-friendly-bjj-tannersville|/blog/bjj-36-techniques|/blog/beginners-guide-bjj-human-chess|/blog/bjj-beginners-over-40-catskills money:/free-bjj-intro-tannersville-ny|/schedule hub:/blog|/sensei-jiu-jitsu service:/schedule|/bjj-classes/kids-tannersville-ny|/bjj-classes/teens-tannersville-ny|/bjj-classes/adults-tannersville-ny pillar:/schedule|/|/bjj-classes/kids-tannersville-ny|/bjj-classes/teens-tannersville-ny|/bjj-classes/adults-tannersville-ny missingBlocks:-,pass
https://senseisandy.com/blog/tags/youth,43,11,2,2,4,6,internal:/schedule|/free-bjj-intro-tannersville-ny|/|/blog|/blog/kids-teens-bjj-belts-ranks-stripes-promotions blog:/blog/kids-teens-bjj-belts-ranks-stripes-promotions|/blog/sensei-rules|/blog/after-school-jiu-jitsu-calm-routine-catskills|/blog/after-school-jiu-jitsu|/blog/hunter-elementary-tuesday-drop-off-bjj money:/schedule|/free-bjj-intro-tannersville-ny hub:/blog|/sensei-jiu-jitsu service:/schedule|/bjj-classes/kids-tannersville-ny|/bjj-classes/teens-tannersville-ny|/bjj-classes/adults-tannersville-ny pillar:/schedule|/|/bjj-classes/kids-tannersville-ny|/bjj-classes/teens-tannersville-ny|/bjj-classes/adults-tannersville-ny missingBlocks:-,pass
https://senseisandy.com/blog/takedown-defense,36,4,2,2,4,6,internal:/|/blog|/free-bjj-intro-tannersville-ny|/bjj-glossary|/options-pricing blog:/blog/seated-guard-basics|/blog/kids-martial-arts-haines-falls|/blog/wrestle-ups-scramble|/blog/jiu-jitsu-near-windham-mountain-club money:/free-bjj-intro-tannersville-ny|/schedule hub:/blog|/sensei-jiu-jitsu service:/bjj-classes/kids-tannersville-ny|/bjj-classes/teens-tannersville-ny|/bjj-classes/adults-tannersville-ny|/schedule pillar:/|/bjj-classes/kids-tannersville-ny|/bjj-classes/teens-tannersville-ny|/bjj-classes/adults-tannersville-ny|/schedule missingBlocks:-,pass
https://senseisandy.com/blog/tannersville-bjj-tuesday,38,4,2,2,4,6,internal:/|/blog|/free-bjj-intro-tannersville-ny|/bjj-glossary|/programs blog:/blog/bjj-beginners-over-40-catskills|/blog/cairo-ny-bjj-specialist|/blog/things-to-do-near-hunter-ny-private-bjj-coaching|/blog/kids-martial-arts-haines-falls money:/free-bjj-intro-tannersville-ny|/schedule hub:/blog|/sensei-jiu-jitsu service:/schedule|/bjj-classes/kids-tannersville-ny|/bjj-classes/teens-tannersville-ny|/bjj-classes/adults-tannersville-ny pillar:/|/schedule|/bjj-classes/kids-tannersville-ny|/bjj-classes/teens-tannersville-ny|/bjj-classes/adults-tannersville-ny missingBlocks:-,pass
https://senseisandy.com/blog/teen-jiu-jitsu-hunter-ny,40,7,2,2,4,6,internal:/|/blog|/free-bjj-intro-tannersville-ny|/bjj-classes/teens-tannersville-ny|/schedule blog:/blog/exactly-what-happens-first-bjj-class-minute-by-minute|/blog/jiu-jitsu-near-hunter-mountain|/blog/kids-teens-bjj-belts-ranks-stripes-promotions|/blog/kids-jiu-jitsu-windham-ny|/blog/jiu-jitsu-near-windham-mountain-club money:/free-bjj-intro-tannersville-ny|/schedule hub:/blog|/sensei-jiu-jitsu service:/bjj-classes/teens-tannersville-ny|/schedule|/bjj-classes/kids-tannersville-ny|/bjj-classes/adults-tannersville-ny pillar:/|/bjj-classes/teens-tannersville-ny|/schedule|/bjj-classes/kids-tannersville-ny|/bjj-classes/adults-tannersville-ny missingBlocks:-,pass
https://senseisandy.com/blog/things-to-do-near-hunter-ny-private-bjj-coaching,38,5,2,2,4,6,internal:/|/blog|/free-bjj-intro-tannersville-ny|/blog/jiu-jitsu-near-hunter-mountain|/nearby-towns blog:/blog/jiu-jitsu-near-hunter-mountain|/blog/bjj-beginners-over-40-catskills|/blog/cairo-ny-bjj-specialist|/blog/tannersville-bjj-tuesday|/blog/kids-martial-arts-haines-falls money:/free-bjj-intro-tannersville-ny|/schedule hub:/blog|/sensei-jiu-jitsu service:/schedule|/bjj-classes/kids-tannersville-ny|/bjj-classes/teens-tannersville-ny|/bjj-classes/adults-tannersville-ny pillar:/|/schedule|/bjj-classes/kids-tannersville-ny|/bjj-classes/teens-tannersville-ny|/bjj-classes/adults-tannersville-ny missingBlocks:-,pass
https://senseisandy.com/blog/water-before-training-how-much-when,36,4,2,2,4,6,internal:/|/blog|/free-bjj-intro-tannersville-ny|/bjj-glossary|/options-pricing blog:/blog/jiu-jitsu-near-windham-mountain-club|/blog/sanda-vs-jiu-jitsu|/blog/schedule-sensei-weekly-template|/blog/kids-martial-arts-haines-falls money:/free-bjj-intro-tannersville-ny|/schedule hub:/blog|/sensei-jiu-jitsu service:/schedule|/bjj-classes/adults-tannersville-ny|/bjj-classes/kids-tannersville-ny|/bjj-classes/teens-tannersville-ny pillar:/|/schedule|/bjj-classes/adults-tannersville-ny|/bjj-classes/kids-tannersville-ny|/bjj-classes/teens-tannersville-ny missingBlocks:-,pass
https://senseisandy.com/blog/what-does-sensei-mean-in-bjj,41,7,2,2,4,6,internal:/|/blog|/free-bjj-intro-tannersville-ny|/sources/kodokan-etiquette|/bjj-glossary blog:/blog/beginner-friendly-bjj-tannersville|/blog/schedule-sensei-weekly-template|/blog/after-school-jiu-jitsu|/blog/after-school-jiu-jitsu-calm-routine-catskills|/blog/jiu-jitsu-near-windham-mountain-club money:/free-bjj-intro-tannersville-ny|/schedule hub:/blog|/sensei-jiu-jitsu service:/bjj-classes/kids-tannersville-ny|/bjj-classes/teens-tannersville-ny|/bjj-classes/adults-tannersville-ny|/schedule pillar:/|/bjj-classes/kids-tannersville-ny|/bjj-classes/teens-tannersville-ny|/bjj-classes/adults-tannersville-ny|/schedule missingBlocks:-,pass
https://senseisandy.com/blog/what-is-sanda-sanshou,40,8,2,2,4,6,internal:/|/blog|/blog/sanda-vs-jiu-jitsu|/free-bjj-intro-tannersville-ny|/bjj-classes/kids-tannersville-ny blog:/blog/sanda-vs-jiu-jitsu|/blog/catskills-gym-alternative-jiu-jitsu|/blog/gi-vs-no-gi-bjj-cheat-code|/blog/sensei-mma-bjj|/blog/exactly-what-happens-first-bjj-class-minute-by-minute money:/free-bjj-intro-tannersville-ny|/schedule hub:/blog|/sensei-jiu-jitsu service:/bjj-classes/kids-tannersville-ny|/bjj-classes/teens-tannersville-ny|/bjj-classes/adults-tannersville-ny|/schedule pillar:/|/bjj-classes/kids-tannersville-ny|/bjj-classes/teens-tannersville-ny|/bjj-classes/adults-tannersville-ny|/schedule missingBlocks:-,pass
https://senseisandy.com/blog/wrestle-ups-scramble,42,8,2,2,4,6,internal:/|/blog|/free-bjj-intro-tannersville-ny|/blog/wrestle-ups-scramble|/bjj-glossary blog:/blog/seated-guard-basics|/blog/takedown-defense|/blog/bio-switch-nervous-system|/blog/bioginastica-movement-no-gi|/blog/neck-cranks-bjj-longevity-guide money:/free-bjj-intro-tannersville-ny|/schedule hub:/blog|/sensei-jiu-jitsu service:/schedule|/bjj-classes/kids-tannersville-ny|/bjj-classes/teens-tannersville-ny|/bjj-classes/adults-tannersville-ny pillar:/|/schedule|/bjj-classes/kids-tannersville-ny|/bjj-classes/teens-tannersville-ny|/bjj-classes/adults-tannersville-ny missingBlocks:-,pass
