url,status_code,location,source_count,sample_source,error
https://senseisandy.com/,200,,872,archive/openingpress.html,
https://senseisandy.com/after-school,200,,6,artifacts/ranking-release-2026-09-06/0.after.html,
https://senseisandy.com/annual-track,200,,1,footer-include-no-proof.html,
https://senseisandy.com/assets/calendar/adult-class-6pm.ics,200,,1,show-up-kit.html,
https://senseisandy.com/assets/calendar/saturday-block.ics,200,,1,show-up-kit.html,
https://senseisandy.com/assets/calendar/youth-class-5pm.ics,200,,1,show-up-kit.html,
https://senseisandy.com/athlete-cross-training,200,,13,dist/athlete-cross-training/evidence/index.html,
https://senseisandy.com/athlete-cross-training/evidence,200,,2,dist/athlete-cross-training/index.html,
https://senseisandy.com/back-to-school-bjj-tannersville,200,,1,parent-resources.html,
https://senseisandy.com/bio,200,,629,admin/youth-intro.html,
https://senseisandy.com/birthday-parties,200,,6,blog/index.html,
https://senseisandy.com/bjj-anatomy-quiz,200,,1,bjj-glossary/index.html,
https://senseisandy.com/bjj-classes,200,,624,admin/youth-intro.html,
https://senseisandy.com/bjj-classes/acra-ny,200,,3,bjj-classes/index.html,
https://senseisandy.com/bjj-classes/adults-tannersville-ny,200,,743,admin/youth-intro.html,
https://senseisandy.com/bjj-classes/ashland-ny,200,,3,bjj-classes/index.html,
https://senseisandy.com/bjj-classes/boiceville-ny,200,,3,bjj-classes/index.html,
https://senseisandy.com/bjj-classes/cairo-ny,200,,7,bjj-classes/index.html,
https://senseisandy.com/bjj-classes/catskill-ny,200,,7,bjj-classes/index.html,
https://senseisandy.com/bjj-classes/coxsackie-ny,200,,3,bjj-classes/index.html,
https://senseisandy.com/bjj-classes/durham-ny,200,,3,bjj-classes/index.html,
https://senseisandy.com/bjj-classes/elka-park-ny,200,,3,bjj-classes/index.html,
https://senseisandy.com/bjj-classes/gilboa-ny,200,,3,bjj-classes/index.html,
https://senseisandy.com/bjj-classes/grand-gorge-ny,200,,3,bjj-classes/index.html,
https://senseisandy.com/bjj-classes/greenville-ny,200,,3,bjj-classes/index.html,
https://senseisandy.com/bjj-classes/haines-falls-ny,200,,630,admin/youth-intro.html,
https://senseisandy.com/bjj-classes/hunter-ny,200,,633,admin/youth-intro.html,
https://senseisandy.com/bjj-classes/kids-tannersville-ny,200,,750,admin/youth-intro.html,
https://senseisandy.com/bjj-classes/lanesville-ny,200,,3,bjj-classes/index.html,
https://senseisandy.com/bjj-classes/leeds-ny,200,,3,bjj-classes/index.html,
https://senseisandy.com/bjj-classes/lexington-ny,200,,3,bjj-classes/index.html,
https://senseisandy.com/bjj-classes/maplecrest-ny,200,,3,bjj-classes/index.html,
https://senseisandy.com/bjj-classes/olive-ny,200,,3,bjj-classes/index.html,
https://senseisandy.com/bjj-classes/palenville-ny,200,,7,bjj-classes/index.html,
https://senseisandy.com/bjj-classes/prattsville-ny,200,,3,bjj-classes/index.html,
https://senseisandy.com/bjj-classes/purling-ny,200,,3,bjj-classes/index.html,
https://senseisandy.com/bjj-classes/round-top-ny,200,,3,bjj-classes/index.html,
https://senseisandy.com/bjj-classes/roxbury-ny,200,,3,bjj-classes/index.html,
https://senseisandy.com/bjj-classes/saugerties-ny,200,,3,bjj-classes/index.html,
https://senseisandy.com/bjj-classes/schoharie-ny,200,,3,bjj-classes/index.html,
https://senseisandy.com/bjj-classes/shandaken-ny,200,,3,bjj-classes/index.html,
https://senseisandy.com/bjj-classes/shokan-ny,200,,3,bjj-classes/index.html,
https://senseisandy.com/bjj-classes/stamford-ny,200,,3,bjj-classes/index.html,
https://senseisandy.com/bjj-classes/tannersville-ny,200,,630,admin/youth-intro.html,
https://senseisandy.com/bjj-classes/teens-tannersville-ny,200,,738,admin/youth-intro.html,
https://senseisandy.com/bjj-classes/windham-ny,200,,639,admin/youth-intro.html,
https://senseisandy.com/bjj-classes/woodstock-ny,200,,3,dist/nearby-towns.html,
https://senseisandy.com/bjj-faqs,200,,640,admin/youth-intro.html,
https://senseisandy.com/bjj-glossary,200,,993,admin/youth-intro.html,
https://senseisandy.com/bjj-glossary/ankle-lock,200,,12,bjj-glossary/index.html,
https://senseisandy.com/bjj-glossary/ankle-pick,200,,9,bjj-glossary/index.html,
https://senseisandy.com/bjj-glossary/arm-drag,200,,30,bjj-glossary/back-take/index.html,
https://senseisandy.com/bjj-glossary/armbar,200,,36,bjj-glossary/closed-guard/index.html,
https://senseisandy.com/bjj-glossary/back-control,200,,39,bjj-glossary/arm-drag/index.html,
https://senseisandy.com/bjj-glossary/back-defense,200,,15,bjj-glossary/granby-roll/index.html,
https://senseisandy.com/bjj-glossary/back-take,200,,30,bjj-glossary/chest-to-back/index.html,
https://senseisandy.com/bjj-glossary/backstep-pass,200,,9,bjj-glossary/index.html,
https://senseisandy.com/bjj-glossary/base,200,,48,bjj-glossary/butterfly-guard/index.html,
https://senseisandy.com/bjj-glossary/beginner-lane,200,,12,bjj-glossary/index.html,
https://senseisandy.com/bjj-glossary/body-lock,200,,30,bjj-glossary/body-lock-pass/index.html,
https://senseisandy.com/bjj-glossary/body-lock-pass,200,,3,bjj-glossary/index.html,
https://senseisandy.com/bjj-glossary/bottom-position,200,,13,bjj-glossary/index.html,
https://senseisandy.com/bjj-glossary/bridge,200,,15,bjj-glossary/elbow-knee-escape/index.html,
https://senseisandy.com/bjj-glossary/bully-proof,200,,9,bjj-glossary/index.html,
https://senseisandy.com/bjj-glossary/butterfly-guard,200,,12,bjj-glossary/base/index.html,
https://senseisandy.com/bjj-glossary/butterfly-hook,200,,15,bjj-glossary/butterfly-sweep/index.html,
https://senseisandy.com/bjj-glossary/butterfly-sweep,200,,6,bjj-glossary/index.html,
https://senseisandy.com/bjj-glossary/chest-to-back,200,,9,bjj-glossary/index.html,
https://senseisandy.com/bjj-glossary/chest-to-chest,200,,15,bjj-glossary/body-lock-pass/index.html,
https://senseisandy.com/bjj-glossary/choke,200,,1,bjj-glossary/index.html,
https://senseisandy.com/bjj-glossary/clinch,200,,3,bjj-glossary/index.html,
https://senseisandy.com/bjj-glossary/closed-guard,200,,42,bjj-glossary/armbar/index.html,
https://senseisandy.com/bjj-glossary/closed-guard-break,200,,3,bjj-glossary/index.html,
https://senseisandy.com/bjj-glossary/collar-grip,200,,21,bjj-glossary/cross-collar-choke/index.html,
https://senseisandy.com/bjj-glossary/collar-tie,200,,27,bjj-glossary/ankle-pick/index.html,
https://senseisandy.com/bjj-glossary/control,200,,87,bjj-glossary/ankle-lock/index.html,
https://senseisandy.com/bjj-glossary/cross-collar-choke,200,,6,bjj-glossary/index.html,
https://senseisandy.com/bjj-glossary/crossface,200,,18,bjj-glossary/chest-to-chest/index.html,
https://senseisandy.com/bjj-glossary/crossface-defense,200,,6,bjj-glossary/index.html,
https://senseisandy.com/bjj-glossary/crossface-pressure,200,,6,bjj-glossary/index.html,
https://senseisandy.com/bjj-glossary/de-la-riva,200,,12,bjj-glossary/index.html,
https://senseisandy.com/bjj-glossary/dominant-position,200,,27,bjj-glossary/control/index.html,
https://senseisandy.com/bjj-glossary/double-leg,200,,27,bjj-glossary/double-leg-defense/index.html,
https://senseisandy.com/bjj-glossary/double-leg-defense,200,,3,bjj-glossary/index.html,
https://senseisandy.com/bjj-glossary/drilling,200,,13,bjj-glossary/index.html,
https://senseisandy.com/bjj-glossary/elbow-knee-escape,200,,6,bjj-glossary/escape/index.html,
https://senseisandy.com/bjj-glossary/escape,200,,27,bjj-glossary/bottom-position/index.html,
https://senseisandy.com/bjj-glossary/flower-sweep,200,,3,bjj-glossary/index.html,
https://senseisandy.com/bjj-glossary/frame,200,,51,bjj-glossary/beginner-lane/index.html,
https://senseisandy.com/bjj-glossary/frame-recovery,200,,15,bjj-glossary/crossface-defense/index.html,
https://senseisandy.com/bjj-glossary/frames,200,,7,bjj-glossary/bottom-position/index.html,
https://senseisandy.com/bjj-glossary/front-headlock,200,,57,bjj-glossary/back-take/index.html,
https://senseisandy.com/bjj-glossary/front-headlock-escape,200,,1,bjj-glossary/index.html,
https://senseisandy.com/bjj-glossary/front-headlock-series,200,,1,bjj-glossary/index.html,
https://senseisandy.com/bjj-glossary/gi,200,,21,bjj-glossary/collar-grip/index.html,
https://senseisandy.com/bjj-glossary/go-behind,200,,18,bjj-glossary/front-headlock-series/index.html,
https://senseisandy.com/bjj-glossary/go-behind-defense,200,,3,bjj-glossary/index.html,
https://senseisandy.com/bjj-glossary/granby-roll,200,,3,bjj-glossary/index.html,
https://senseisandy.com/bjj-glossary/grip,200,,18,bjj-glossary/collar-grip/index.html,
https://senseisandy.com/bjj-glossary/grip-fighting,200,,36,bjj-glossary/arm-drag/index.html,
https://senseisandy.com/bjj-glossary/guard,200,,129,bjj-glossary/armbar/index.html,
https://senseisandy.com/bjj-glossary/guard-pass,200,,33,bjj-glossary/backstep-pass/index.html,
https://senseisandy.com/bjj-glossary/guard-pull,200,,6,bjj-glossary/index.html,
https://senseisandy.com/bjj-glossary/guard-recovery,200,,48,bjj-glossary/back-defense/index.html,
https://senseisandy.com/bjj-glossary/guard-retention,200,,27,bjj-glossary/de-la-riva/index.html,
https://senseisandy.com/bjj-glossary/guillotine,200,,12,bjj-glossary/back-control/index.html,
https://senseisandy.com/bjj-glossary/half-guard,200,,30,bjj-glossary/crossface/index.html,
https://senseisandy.com/bjj-glossary/hand-fighting,200,,6,bjj-glossary/index.html,
https://senseisandy.com/bjj-glossary/head-line,200,,3,bjj-glossary/index.html,
https://senseisandy.com/bjj-glossary/head-position,200,,69,bjj-glossary/ankle-pick/index.html,
https://senseisandy.com/bjj-glossary/heavy-hips,200,,6,bjj-glossary/body-lock-pass/index.html,
https://senseisandy.com/bjj-glossary/hip-escape,200,,42,bjj-glossary/elbow-knee-escape/index.html,
https://senseisandy.com/bjj-glossary/hip-heist,200,,3,bjj-glossary/index.html,
https://senseisandy.com/bjj-glossary/hooks,200,,6,bjj-glossary/chest-to-back/index.html,
https://senseisandy.com/bjj-glossary/inside-position,200,,33,bjj-glossary/ankle-lock/index.html,
https://senseisandy.com/bjj-glossary/inside-tie,200,,9,bjj-glossary/clinch/index.html,
https://senseisandy.com/bjj-glossary/inside-trip,200,,9,bjj-glossary/index.html,
https://senseisandy.com/bjj-glossary/inversion,200,,9,bjj-glossary/granby-roll/index.html,
https://senseisandy.com/bjj-glossary/jiu-jitsu,200,,3,bjj-glossary/index.html,
https://senseisandy.com/bjj-glossary/k-guard,200,,12,bjj-glossary/de-la-riva/index.html,
https://senseisandy.com/bjj-glossary/kimura,200,,6,bjj-glossary/index.html,
https://senseisandy.com/bjj-glossary/knee-cut,200,,18,bjj-glossary/guard-pass/index.html,
https://senseisandy.com/bjj-glossary/knee-line,200,,12,bjj-glossary/ankle-lock/index.html,
https://senseisandy.com/bjj-glossary/knee-shield,200,,12,bjj-glossary/frames/index.html,
https://senseisandy.com/bjj-glossary/knee-slide,200,,3,bjj-glossary/index.html,
https://senseisandy.com/bjj-glossary/lapel-grip,200,,6,bjj-glossary/index.html,
https://senseisandy.com/bjj-glossary/leg-drag,200,,18,bjj-glossary/backstep-pass/index.html,
https://senseisandy.com/bjj-glossary/leg-entanglement,200,,15,bjj-glossary/ankle-lock/index.html,
https://senseisandy.com/bjj-glossary/level-change,200,,15,bjj-glossary/double-leg-defense/index.html,
https://senseisandy.com/bjj-glossary/long-step,200,,12,bjj-glossary/backstep-pass/index.html,
https://senseisandy.com/bjj-glossary/mat-return,200,,6,bjj-glossary/index.html,
https://senseisandy.com/bjj-glossary/mount,200,,48,bjj-glossary/armbar/index.html,
https://senseisandy.com/bjj-glossary/mount-transition,200,,12,bjj-glossary/heavy-hips/index.html,
https://senseisandy.com/bjj-glossary/neutral-position,200,,24,bjj-glossary/double-leg/index.html,
https://senseisandy.com/bjj-glossary/no-gi,200,,12,bjj-glossary/gi/index.html,
https://senseisandy.com/bjj-glossary/north-south,200,,6,bjj-glossary/index.html,
https://senseisandy.com/bjj-glossary/off-balance,200,,18,bjj-glossary/de-la-riva/index.html,
https://senseisandy.com/bjj-glossary/open-guard,200,,21,bjj-glossary/butterfly-guard/index.html,
https://senseisandy.com/bjj-glossary/open-guard-pass,200,,18,bjj-glossary/backstep-pass/index.html,
https://senseisandy.com/bjj-glossary/open-mat,200,,16,bjj-glossary/drilling/index.html,
https://senseisandy.com/bjj-glossary/outside-trip,200,,9,bjj-glossary/index.html,
https://senseisandy.com/bjj-glossary/overhook,200,,15,bjj-glossary/index.html,
https://senseisandy.com/bjj-glossary/penetration-step,200,,9,bjj-glossary/index.html,
https://senseisandy.com/bjj-glossary/pin,200,,33,bjj-glossary/chest-to-chest/index.html,
https://senseisandy.com/bjj-glossary/pin-escape,200,,6,bjj-glossary/index.html,
https://senseisandy.com/bjj-glossary/position,200,,1,bjj-glossary/index.html,
https://senseisandy.com/bjj-glossary/posture,200,,15,bjj-glossary/base/index.html,
https://senseisandy.com/bjj-glossary/posture-break,200,,9,bjj-glossary/index.html,
https://senseisandy.com/bjj-glossary/posture-recovery,200,,9,bjj-glossary/front-headlock-escape/index.html,
https://senseisandy.com/bjj-glossary/pressure,200,,15,bjj-glossary/body-lock-pass/index.html,
https://senseisandy.com/bjj-glossary/pummel,200,,27,bjj-glossary/body-lock/index.html,
https://senseisandy.com/bjj-glossary/quarter-guard,200,,3,bjj-glossary/index.html,
https://senseisandy.com/bjj-glossary/re-guard,200,,3,bjj-glossary/index.html,
https://senseisandy.com/bjj-glossary/re-shot,200,,3,bjj-glossary/index.html,
https://senseisandy.com/bjj-glossary/rear-naked-choke,200,,21,bjj-glossary/back-defense/index.html,
https://senseisandy.com/bjj-glossary/reverse-de-la-riva,200,,9,bjj-glossary/de-la-riva/index.html,
https://senseisandy.com/bjj-glossary/roll,200,,13,bjj-glossary/drilling/index.html,
https://senseisandy.com/bjj-glossary/safety,200,,18,bjj-glossary/beginner-lane/index.html,
https://senseisandy.com/bjj-glossary/scissor-sweep,200,,3,bjj-glossary/index.html,
https://senseisandy.com/bjj-glossary/scramble,200,,33,bjj-glossary/go-behind/index.html,
https://senseisandy.com/bjj-glossary/seatbelt,200,,21,bjj-glossary/back-defense/index.html,
https://senseisandy.com/bjj-glossary/seatbelt-escape,200,,6,bjj-glossary/back-defense/index.html,
https://senseisandy.com/bjj-glossary/seated-guard,200,,21,bjj-glossary/butterfly-hook/index.html,
https://senseisandy.com/bjj-glossary/shot-entry,200,,15,bjj-glossary/double-leg-defense/index.html,
https://senseisandy.com/bjj-glossary/shoulder-pressure,200,,9,bjj-glossary/crossface-pressure/index.html,
https://senseisandy.com/bjj-glossary/shrimp,200,,42,bjj-glossary/bridge/index.html,
https://senseisandy.com/bjj-glossary/sickle-sweep,200,,3,bjj-glossary/index.html,
https://senseisandy.com/bjj-glossary/side-control,200,,108,bjj-glossary/back-control/index.html,
https://senseisandy.com/bjj-glossary/single-leg,200,,33,bjj-glossary/double-leg/index.html,
https://senseisandy.com/bjj-glossary/single-leg-defense,200,,6,bjj-glossary/index.html,
https://senseisandy.com/bjj-glossary/sleeve-grip,200,,12,bjj-glossary/collar-grip/index.html,
https://senseisandy.com/bjj-glossary/snap-down,200,,24,bjj-glossary/ankle-pick/index.html,
https://senseisandy.com/bjj-glossary/snap-down-defense,200,,1,bjj-glossary/index.html,
https://senseisandy.com/bjj-glossary/spin-behind,200,,9,bjj-glossary/front-headlock-series/index.html,
https://senseisandy.com/bjj-glossary/sprawl,200,,33,bjj-glossary/double-leg/index.html,
https://senseisandy.com/bjj-glossary/sprawl-defense,200,,18,bjj-glossary/double-leg-defense/index.html,
https://senseisandy.com/bjj-glossary/submission,200,,27,bjj-glossary/choke/index.html,
https://senseisandy.com/bjj-glossary/sweep,200,,69,bjj-glossary/base/index.html,
https://senseisandy.com/bjj-glossary/sweep-single,200,,1,bjj-glossary/index.html,
https://senseisandy.com/bjj-glossary/takedown,200,,63,bjj-glossary/ankle-pick/index.html,
https://senseisandy.com/bjj-glossary/takedown-defense,200,,9,bjj-glossary/index.html,
https://senseisandy.com/bjj-glossary/tap,200,,69,bjj-glossary/armbar/index.html,
https://senseisandy.com/bjj-glossary/technical-stand-up,200,,21,bjj-glossary/hip-heist/index.html,
https://senseisandy.com/bjj-glossary/top-position,200,,63,bjj-glossary/backstep-pass/index.html,
https://senseisandy.com/bjj-glossary/top-ride,200,,3,bjj-glossary/index.html,
https://senseisandy.com/bjj-glossary/torreando,200,,18,bjj-glossary/guard-pass/index.html,
https://senseisandy.com/bjj-glossary/torreando-defense,200,,6,bjj-glossary/guard-retention/index.html,
https://senseisandy.com/bjj-glossary/transition,200,,39,bjj-glossary/arm-drag/index.html,
https://senseisandy.com/bjj-glossary/triangle,200,,27,bjj-glossary/armbar/index.html,
https://senseisandy.com/bjj-glossary/tripod-sweep,200,,6,bjj-glossary/index.html,
https://senseisandy.com/bjj-glossary/turtle,200,,24,bjj-glossary/go-behind/index.html,
https://senseisandy.com/bjj-glossary/underhook,200,,27,bjj-glossary/butterfly-guard/index.html,
https://senseisandy.com/bjj-glossary/upa-escape,200,,6,bjj-glossary/escape/index.html,
https://senseisandy.com/bjj-glossary/updates,200,,4,blog/index.html,
https://senseisandy.com/bjj-glossary/waiter-sweep,200,,6,bjj-glossary/de-la-riva/index.html,
https://senseisandy.com/bjj-glossary/whizzer,200,,21,bjj-glossary/index.html,
https://senseisandy.com/bjj-glossary/whizzer-defense,200,,6,bjj-glossary/index.html,
https://senseisandy.com/bjj-glossary/windshield-wiper,200,,9,bjj-glossary/index.html,
https://senseisandy.com/bjj-glossary/wrestle-up,200,,12,bjj-glossary/hip-heist/index.html,
https://senseisandy.com/bjj-glossary/wrist-control,200,,9,bjj-glossary/ankle-pick/index.html,
https://senseisandy.com/bjj-glossary/x-guard,200,,12,bjj-glossary/ankle-lock/index.html,
https://senseisandy.com/bjj-glossary/z-guard,200,,3,bjj-glossary/index.html,
https://senseisandy.com/bjj-stretches,200,,628,admin/youth-intro.html,
https://senseisandy.com/bjj-tannersville-ny-directions,200,,664,admin/youth-intro.html,
https://senseisandy.com/bjj_anatomy_game,200,,2,dist/parent-resources.html,
https://senseisandy.com/black-belt-concierge,200,,4,blog/index.html,
https://senseisandy.com/blog,200,,690,admin/youth-intro.html,
https://senseisandy.com/blog/after-school-jiu-jitsu,200,,38,artifacts/ranking-release-2026-09-06/4.after.html,
https://senseisandy.com/blog/after-school-jiu-jitsu-calm-routine-catskills,200,,32,artifacts/ranking-release-2026-09-06/4.after.html,
https://senseisandy.com/blog/beginner-friendly-bjj-tannersville,200,,20,blog/beginner-friendly-bjj-tannersville-evidence/index.html,
https://senseisandy.com/blog/beginners-guide-bjj-human-chess,200,,6,blog/growth-over-gold-bjj-mindset/index.html,
https://senseisandy.com/blog/bio-switch-nervous-system,200,,16,blog/bioginastica-movement-no-gi/index.html,
https://senseisandy.com/blog/bioginastica-movement-no-gi,200,,21,blog/bio-ginastica-mobility/index.html,
https://senseisandy.com/blog/bjj-36-techniques,200,,6,blog/index.html,
https://senseisandy.com/blog/bjj-beginners-over-40-catskills,200,,24,blog/beginners-guide-bjj-human-chess/index.html,
https://senseisandy.com/blog/bjj-belts-stripes-promotions,200,,21,blog/bjj-black-belt-degree-time/index.html,
https://senseisandy.com/blog/bjj-black-belt-degree-time,200,,12,blog/bjj-belts-stripes-promotions/index.html,
https://senseisandy.com/blog/bjj-promotions-how-often,200,,12,blog/bjj-belts-stripes-promotions/index.html,
https://senseisandy.com/blog/bjj-sensei,200,,13,artifacts/ranking-release-2026-09-06/1.after.html,
https://senseisandy.com/blog/cairo-ny-bjj-specialist,200,,12,blog/beginners-guide-bjj-human-chess/index.html,
https://senseisandy.com/blog/can-you-beat-sensei-without-a-black-belt,200,,8,artifacts/ranking-release-2026-09-06/4.after.html,
https://senseisandy.com/blog/catskills-gym-alternative-jiu-jitsu,200,,4,blog/index.html,
https://senseisandy.com/blog/exactly-what-happens-first-bjj-class-minute-by-minute,200,,37,beginner-friendly-bjj-tannersville-links/index.html,
https://senseisandy.com/blog/gain-points-system,200,,18,blog/bio-switch-nervous-system/index.html,
https://senseisandy.com/blog/gi-bjj-windham-ny,200,,6,blog/no-gi-windham-ny/index.html,
https://senseisandy.com/blog/gi-vs-no-gi-bjj-cheat-code,200,,33,blog/catskills-gym-alternative-jiu-jitsu/index.html,
https://senseisandy.com/blog/growth-over-gold-bjj-mindset,200,,4,blog/index.html,
https://senseisandy.com/blog/how-to-fall-safely-bjj-breakfalls,200,,9,blog/seated-guard-basics/index.html,
https://senseisandy.com/blog/hunter-elementary-tuesday-drop-off-bjj,200,,9,blog/after-school-jiu-jitsu/index.html,
https://senseisandy.com/blog/jiu-jitsu-near-hunter-mountain,200,,13,artifacts/ranking-release-2026-09-06/2.after.html,
https://senseisandy.com/blog/jiu-jitsu-near-windham-mountain-club,200,,125,artifacts/ranking-release-2026-09-06/2.after.html,
https://senseisandy.com/blog/jiu-jitsu-near-windham-mountain-club-ski-families,200,,18,blog/after-school-jiu-jitsu/index.html,
https://senseisandy.com/blog/jiu-jitsu-windham-ny,200,,18,blog/gi-bjj-windham-ny/index.html,
https://senseisandy.com/blog/kids-jiu-jitsu-windham-ny,200,,25,artifacts/ranking-release-2026-09-06/2.after.html,
https://senseisandy.com/blog/kids-martial-arts-haines-falls,200,,177,artifacts/ranking-release-2026-09-06/2.after.html,
https://senseisandy.com/blog/kids-martial-arts-haines-falls-beginner-friendly-jiu-jitsu,200,,9,blog/kids-martial-arts-haines-falls/index.html,
https://senseisandy.com/blog/kids-teens-bjj-belts-ranks-stripes-promotions,200,,15,blog/bjj-belts-stripes-promotions/index.html,
https://senseisandy.com/blog/kinetic-chess-onteora-park,200,,18,blog/bio-switch-nervous-system/index.html,
https://senseisandy.com/blog/martial-arts-windham-ny-why-families-pick-jiu-jitsu,200,,8,artifacts/ranking-release-2026-09-06/2.after.html,
https://senseisandy.com/blog/neck-cranks-bjj-longevity-guide,200,,19,blog/bio-switch-nervous-system/index.html,
https://senseisandy.com/blog/no-gi-windham-ny,200,,6,blog/gi-bjj-windham-ny/index.html,
https://senseisandy.com/blog/private-jiu-jitsu-lessons-windham-ny,200,,4,blog/index.html,
https://senseisandy.com/blog/sanda-vs-jiu-jitsu,200,,44,blog/bio-ginastica-mobility/index.html,
https://senseisandy.com/blog/sanda-vs-jiu-jitsu-for-mma,200,,12,blog/catskills-gym-alternative-jiu-jitsu/index.html,
https://senseisandy.com/blog/schedule-sensei,200,,13,artifacts/ranking-release-2026-09-06/1.after.html,
https://senseisandy.com/blog/schedule-sensei-reset-protocol,200,,9,blog/after-school-jiu-jitsu-calm-routine-catskills/index.html,
https://senseisandy.com/blog/schedule-sensei-weekly-template,200,,72,artifacts/ranking-release-2026-09-06/4.after.html,
https://senseisandy.com/blog/seated-guard-basics,200,,18,blog/bjj-promotions-how-often/index.html,
https://senseisandy.com/blog/sensei-mma-bjj,200,,11,artifacts/ranking-release-2026-09-06/4.after.html,
https://senseisandy.com/blog/sensei-rules,200,,8,artifacts/ranking-release-2026-09-06/4.after.html,
https://senseisandy.com/blog/snow-day-protocol-bjj-home-dojo,200,,4,blog/index.html,
https://senseisandy.com/blog/spring-fling-is-here,200,,1,blog/index.html,
https://senseisandy.com/blog/tags/adult-bjj,200,,6,blog/tags/starting-jiu-jitsu/index.html,
https://senseisandy.com/blog/tags/starting-jiu-jitsu,200,,7,blog/index.html,
https://senseisandy.com/blog/tags/youth,200,,6,blog/tags/adult-bjj/index.html,
https://senseisandy.com/blog/takedown-defense,200,,9,blog/seated-guard-basics/index.html,
https://senseisandy.com/blog/tannersville-bjj-tuesday,200,,13,blog/beginners-guide-bjj-human-chess/index.html,
https://senseisandy.com/blog/teen-jiu-jitsu-hunter-ny,200,,6,blog/jiu-jitsu-near-hunter-mountain/index.html,
https://senseisandy.com/blog/things-to-do-near-hunter-ny-private-bjj-coaching,200,,21,blog/beginners-guide-bjj-human-chess/index.html,
https://senseisandy.com/blog/water-before-training-how-much-when,200,,4,blog/index.html,
https://senseisandy.com/blog/what-does-sensei-mean-in-bjj,200,,29,artifacts/ranking-release-2026-09-06/4.after.html,
https://senseisandy.com/blog/what-is-sanda-sanshou,200,,9,blog/gi-vs-no-gi-bjj-cheat-code/index.html,
https://senseisandy.com/blog/wrestle-ups-scramble,200,,22,blog/bio-switch-nervous-system/index.html,
https://senseisandy.com/bring-a-friend,200,,6,blog/index.html,
https://senseisandy.com/bully-proof-jiu-jitsu-tannersville-ny,200,,633,admin/youth-intro.html,
https://senseisandy.com/camp-clinics,200,,6,blog/index.html,
https://senseisandy.com/catskills-home-base,200,,6,dist/options-pricing/index.html,
https://senseisandy.com/class-rules,200,,9,birthday-parties.html,
https://senseisandy.com/community-partners,200,,627,admin/youth-intro.html,
https://senseisandy.com/contact,200,,652,admin/youth-intro.html,
https://senseisandy.com/deer-mountain-inn,200,,1,index.html,
https://senseisandy.com/downloads/georgia-post-bjj-officer-level-1-curriculum.pdf,200,,6,dist/research/law-enforcement-bjj-evidence.html,
https://senseisandy.com/downloads/marietta-police-chief-flynn-bjj-article.pdf,200,,6,dist/sources/marietta-police-bjj/index.html,
https://senseisandy.com/elite-concierge,200,,4,blog/index.html,
https://senseisandy.com/evidence,200,,22,dist/bjj-classes/tannersville-ny/index.html,
https://senseisandy.com/free-beginner-jiu-jitsu-intro-kids-teens-tannersville-ny,200,,78,after-school.html,
https://senseisandy.com/free-bjj-intro-tannersville-ny,200,,1097,admin/youth-intro.html,
https://senseisandy.com/free-bjj-intro-tannersville-ny?campaign=athlete_cross_training,200,,4,dist/athlete-cross-training/evidence/index.html,
https://senseisandy.com/free-bjj-intro-tannersville-ny?campaign=fall_reset&amp;lane=kids,200,,1,src/index.html,
https://senseisandy.com/free-bjj-intro-tannersville-ny?lane=adult,200,,4,bjj-classes/adults-tannersville-ny/index.html,
https://senseisandy.com/free-bjj-intro-tannersville-ny?lane=adults,200,,11,bjj-classes/adults-tannersville-ny/index.html,
https://senseisandy.com/free-bjj-intro-tannersville-ny?lane=community-service,200,,6,dist/bjj-classes/adults-tannersville-ny/index.html,
https://senseisandy.com/free-bjj-intro-tannersville-ny?lane=kids,200,,11,dist/bjj-classes/kids-tannersville-ny/index.html,
https://senseisandy.com/free-bjj-intro-tannersville-ny?lane=teens,200,,9,archive/retired-pages/teen-jiu-jitsu-tannersville-ny.html,
https://senseisandy.com/friday-night-fanatics,200,,6,blog/index.html,
https://senseisandy.com/guarantee-terms,200,,9,archive/retired-pages/teen-jiu-jitsu-tannersville-ny.html,
https://senseisandy.com/holiday-schedule,200,,625,admin/youth-intro.html,
https://senseisandy.com/how-class-works,200,,670,admin/youth-intro.html,
https://senseisandy.com/hyphen-weekend,301,https://senseisandy.com/hyphen-weekend.html,2,dist/hyphen-weekend/index.html,
https://senseisandy.com/inclusion,200,,6,class-rules.html,
https://senseisandy.com/instagram,200,,1,index.html,
https://senseisandy.com/jiu-jitsu-safety-tannersville-ny,200,,12,birthday-parties.html,
https://senseisandy.com/law-enforcement-bjj,200,,17,bjj-classes/adults-tannersville-ny/index.html,
https://senseisandy.com/llms.txt,200,,3,dist/footer-include-no-proof.html,
https://senseisandy.com/local-bjj-tournaments-for-parents,200,,4,blog/index.html,
https://senseisandy.com/members/holiday-routine,200,,3,dist/student-hub.html,
https://senseisandy.com/members/winter-training-plan,200,,3,dist/student-hub.html,
https://senseisandy.com/nearby-towns,200,,689,admin/youth-intro.html,
https://senseisandy.com/nervous-first-timers,200,,2,bjj-classes/adults-tannersville-ny/index.html,
https://senseisandy.com/options-pricing,200,,722,admin/youth-intro.html,
https://senseisandy.com/parent-resources,200,,640,admin/youth-intro.html,
https://senseisandy.com/partners-hospitality-hunter-windham,200,,627,admin/youth-intro.html,
https://senseisandy.com/partners-wellness-pt-referrals,200,,625,admin/youth-intro.html,
https://senseisandy.com/phoenicia-diner,200,,1,index.html,
https://senseisandy.com/pricing.md,200,,3,dist/footer-include-no-proof.html,
https://senseisandy.com/private-lessons,200,,677,admin/youth-intro.html,
https://senseisandy.com/programs,200,,83,bio.html,
https://senseisandy.com/report-card,200,,27,core-culture-parent-guide.html,
https://senseisandy.com/research/law-enforcement-bjj-evidence,200,,7,blog/index.html,
https://senseisandy.com/research/marietta-police-bjj-case-summary,200,,6,dist/law-enforcement-bjj.html,
https://senseisandy.com/rural-bjj-catskills,200,,1,index.html,
https://senseisandy.com/samurai-break,200,,2,blog/how-to-fall-safely-bjj-breakfalls/index.html,
https://senseisandy.com/schedule,200,,1092,admin/youth-intro.html,
https://senseisandy.com/school-families-jiu-jitsu,200,,2,blog/index.html,
https://senseisandy.com/scribners,200,,15,bjj-classes/adults-tannersville-ny/index.html,
https://senseisandy.com/scribners-jiu-jitsu,200,,4,blog/index.html,
https://senseisandy.com/scribners-staff-reset-pass,200,,1,index.html,
https://senseisandy.com/scribners-thank-you,200,,3,dist/scribners.html,
https://senseisandy.com/sensei-bully,301,https://senseisandy.com/bully-proof-jiu-jitsu-tannersville-ny,1,programs.html,
https://senseisandy.com/sensei-jiu-jitsu,200,,632,admin/youth-intro.html,
https://senseisandy.com/sensei-studio,200,,629,admin/youth-intro.html,
https://senseisandy.com/show-up-kit,200,,701,admin/youth-intro.html,
https://senseisandy.com/sources,200,,15,dist/sources/cdc-physical-activity/index.html,
https://senseisandy.com/sources/cdc-physical-activity,200,,6,dist/partials/evidence-accordion-adults.html,
https://senseisandy.com/sources/clockwork-bjj-instructors,200,,5,artifacts/ranking-release-2026-09-06/3.after.html,
https://senseisandy.com/sources/gracie-academy,200,,14,artifacts/ranking-release-2026-09-06/3.after.html,
https://senseisandy.com/sources/kenny-florian,200,,8,artifacts/ranking-release-2026-09-06/3.after.html,
https://senseisandy.com/sources/kodokan-etiquette,200,,6,blog/kids-teens-bjj-belts-ranks-stripes-promotions/index.html,
https://senseisandy.com/sources/marietta-police-bjj,200,,12,dist/partials/evidence-accordion-leo.html,
https://senseisandy.com/sources/research/bjj-adult-fitness,200,,2,dist/evidence/index.html,
https://senseisandy.com/sources/research/bjj-school-rct,200,,4,dist/evidence/index.html,
https://senseisandy.com/sources/research/open-skill-youth-meta-analysis,200,,2,dist/evidence/index.html,
https://senseisandy.com/sources/research/youth-martial-arts-attention-rct,200,,2,dist/evidence/index.html,
https://senseisandy.com/student-hub,200,,516,after-school.html,
https://senseisandy.com/success-stories,200,,630,admin/youth-intro.html,
https://senseisandy.com/summer-academy,200,,3,dist/programs.html,
https://senseisandy.com/waiver,200,,21,birthday-parties.html,
https://senseisandy.com/weekly-audit,200,,3,dist/report-card.html,
