url,intended_source,local_file_present,reachable_from_home,incoming_internal_links,sample_sources,status
https://senseisandy.com,local+self_sitemap,yes,yes,983,/|/admin/youth-intro|/after-booking-promise|/after-school|/annual-track|/archive/6weekgrandslam,pass
https://senseisandy.com/after-school,local+self_sitemap,yes,yes,6,/artifacts/ranking-release-2026-09-06/0.after|/blog/after-school-jiu-jitsu|/blog/how-to-fall-safely-bjj-breakfalls|/blog/hunter-elementary-tuesday-drop-off-bjj|/lane-picker|/site-shell,pass
https://senseisandy.com/annual-track,local_self_canonical,yes,yes,51,/bjj-glossary/bottom-position|/bjj-glossary/choke|/bjj-glossary/drilling|/bjj-glossary/frames|/bjj-glossary/open-mat|/bjj-glossary/position,pass
https://senseisandy.com/back-to-school-bjj-tannersville,local+self_sitemap,yes,yes,1,/parent-resources,pass
https://senseisandy.com/bio,local+self_sitemap,yes,yes,740,/|/admin/youth-intro|/after-booking-promise|/after-school|/annual-track|/archive/6weekgrandslam,pass
https://senseisandy.com/birthday-parties,local+self_sitemap,yes,yes,6,/blog|/dist|/dist/programs|/programs|/src|/src/programs,pass
https://senseisandy.com/bjj-anatomy-quiz,local+self_sitemap,yes,yes,1,/bjj-glossary,pass
https://senseisandy.com/bjj-classes,local_self_canonical,yes,yes,736,/|/admin/youth-intro|/after-booking-promise|/after-school|/annual-track|/archive/6weekgrandslam,pass
https://senseisandy.com/bjj-classes/acra-ny,local_self_canonical,yes,yes,3,/bjj-classes|/dist/nearby-towns|/src/nearby-towns,pass
https://senseisandy.com/bjj-classes/adults-tannersville-ny,local_self_canonical,yes,yes,865,/|/admin/youth-intro|/after-booking-promise|/after-school|/annual-track|/archive/6weekgrandslam,pass
https://senseisandy.com/bjj-classes/ashland-ny,local_self_canonical,yes,yes,3,/bjj-classes|/dist/nearby-towns|/src/nearby-towns,pass
https://senseisandy.com/bjj-classes/boiceville-ny,local_self_canonical,yes,yes,3,/bjj-classes|/dist/nearby-towns|/src/nearby-towns,pass
https://senseisandy.com/bjj-classes/cairo-ny,local_self_canonical,yes,yes,7,/bjj-classes|/blog|/dist/bjj-classes|/dist/nearby-towns|/nearby-towns|/src/bjj-classes,pass
https://senseisandy.com/bjj-classes/catskill-ny,local_self_canonical,yes,yes,7,/bjj-classes|/blog|/dist/bjj-classes|/dist/nearby-towns|/nearby-towns|/src/bjj-classes,pass
https://senseisandy.com/bjj-classes/coxsackie-ny,local_self_canonical,yes,yes,3,/bjj-classes|/dist/nearby-towns|/src/nearby-towns,pass
https://senseisandy.com/bjj-classes/durham-ny,local_self_canonical,yes,yes,3,/bjj-classes|/dist/nearby-towns|/src/nearby-towns,pass
https://senseisandy.com/bjj-classes/elka-park-ny,local_self_canonical,yes,yes,3,/bjj-classes|/dist/nearby-towns|/src/nearby-towns,pass
https://senseisandy.com/bjj-classes/gilboa-ny,local_self_canonical,yes,yes,3,/bjj-classes|/dist/nearby-towns|/src/nearby-towns,pass
https://senseisandy.com/bjj-classes/grand-gorge-ny,local_self_canonical,yes,yes,3,/bjj-classes|/dist/nearby-towns|/src/nearby-towns,pass
https://senseisandy.com/bjj-classes/greenville-ny,local_self_canonical,yes,yes,3,/bjj-classes|/dist/nearby-towns|/src/nearby-towns,pass
https://senseisandy.com/bjj-classes/haines-falls-ny,local_self_canonical,yes,yes,742,/|/admin/youth-intro|/after-booking-promise|/after-school|/annual-track|/archive/6weekgrandslam,pass
https://senseisandy.com/bjj-classes/hunter-ny,local_self_canonical,yes,yes,745,/|/admin/youth-intro|/after-booking-promise|/after-school|/annual-track|/archive/6weekgrandslam,pass
https://senseisandy.com/bjj-classes/kids-tannersville-ny,local_self_canonical,yes,yes,874,/|/admin/youth-intro|/after-booking-promise|/after-school|/annual-track|/archive/6weekgrandslam,pass
https://senseisandy.com/bjj-classes/lanesville-ny,local_self_canonical,yes,yes,3,/bjj-classes|/dist/nearby-towns|/src/nearby-towns,pass
https://senseisandy.com/bjj-classes/leeds-ny,local_self_canonical,yes,yes,3,/bjj-classes|/dist/nearby-towns|/src/nearby-towns,pass
https://senseisandy.com/bjj-classes/lexington-ny,local_self_canonical,yes,yes,3,/bjj-classes|/dist/nearby-towns|/src/nearby-towns,pass
https://senseisandy.com/bjj-classes/maplecrest-ny,local_self_canonical,yes,yes,3,/bjj-classes|/dist/nearby-towns|/src/nearby-towns,pass
https://senseisandy.com/bjj-classes/olive-ny,local_self_canonical,yes,yes,3,/bjj-classes|/dist/nearby-towns|/src/nearby-towns,pass
https://senseisandy.com/bjj-classes/palenville-ny,local_self_canonical,yes,yes,7,/bjj-classes|/blog|/dist/bjj-classes|/dist/nearby-towns|/nearby-towns|/src/bjj-classes,pass
https://senseisandy.com/bjj-classes/prattsville-ny,local_self_canonical,yes,yes,3,/bjj-classes|/dist/nearby-towns|/src/nearby-towns,pass
https://senseisandy.com/bjj-classes/purling-ny,local_self_canonical,yes,yes,3,/bjj-classes|/dist/nearby-towns|/src/nearby-towns,pass
https://senseisandy.com/bjj-classes/round-top-ny,local_self_canonical,yes,yes,3,/bjj-classes|/dist/nearby-towns|/src/nearby-towns,pass
https://senseisandy.com/bjj-classes/roxbury-ny,local_self_canonical,yes,yes,3,/bjj-classes|/dist/nearby-towns|/src/nearby-towns,pass
https://senseisandy.com/bjj-classes/saugerties-ny,local_self_canonical,yes,yes,3,/bjj-classes|/dist/nearby-towns|/src/nearby-towns,pass
https://senseisandy.com/bjj-classes/schoharie-ny,local_self_canonical,yes,yes,3,/bjj-classes|/dist/nearby-towns|/src/nearby-towns,pass
https://senseisandy.com/bjj-classes/shandaken-ny,local_self_canonical,yes,yes,3,/bjj-classes|/dist/nearby-towns|/src/nearby-towns,pass
https://senseisandy.com/bjj-classes/shokan-ny,local_self_canonical,yes,yes,3,/bjj-classes|/dist/nearby-towns|/src/nearby-towns,pass
https://senseisandy.com/bjj-classes/stamford-ny,local_self_canonical,yes,yes,3,/bjj-classes|/dist/nearby-towns|/src/nearby-towns,pass
https://senseisandy.com/bjj-classes/tannersville-ny,local_self_canonical,yes,yes,741,/|/admin/youth-intro|/after-booking-promise|/after-school|/annual-track|/archive/6weekgrandslam,pass
https://senseisandy.com/bjj-classes/teens-tannersville-ny,local_self_canonical,yes,yes,863,/|/admin/youth-intro|/after-booking-promise|/after-school|/annual-track|/archive/6weekgrandslam,pass
https://senseisandy.com/bjj-classes/windham-ny,local_self_canonical,yes,yes,751,/|/admin/youth-intro|/after-booking-promise|/after-school|/annual-track|/archive/6weekgrandslam,pass
https://senseisandy.com/bjj-classes/woodstock-ny,local_self_canonical,yes,yes,3,/dist/nearby-towns|/nearby-towns|/src/nearby-towns,pass
https://senseisandy.com/bjj-faqs,local+self_sitemap,yes,yes,762,/|/admin/youth-intro|/after-booking-promise|/after-school|/annual-track|/archive/6weekgrandslam,pass
https://senseisandy.com/bjj-glossary,local_self_canonical,yes,yes,962,/|/admin/youth-intro|/after-booking-promise|/after-school|/annual-track|/archive/6weekgrandslam,pass
https://senseisandy.com/bjj-glossary/ankle-lock,local_self_canonical,yes,yes,12,/bjj-glossary|/bjj-glossary/k-guard|/bjj-glossary/knee-line|/bjj-glossary/leg-entanglement|/dist/bjj-glossary|/dist/bjj-glossary/k-guard,pass
https://senseisandy.com/bjj-glossary/ankle-pick,local_self_canonical,yes,yes,9,/bjj-glossary|/bjj-glossary/updates|/dist/bjj-glossary|/dist/bjj-glossary/updates|/dist/updates|/src/bjj-glossary,pass
https://senseisandy.com/bjj-glossary/arm-drag,local_self_canonical,yes,yes,30,/bjj-glossary|/bjj-glossary/back-take|/bjj-glossary/butterfly-hook|/bjj-glossary/butterfly-sweep|/bjj-glossary/hand-fighting|/bjj-glossary/inside-position,pass
https://senseisandy.com/bjj-glossary/armbar,local_self_canonical,yes,yes,36,/bjj-glossary|/bjj-glossary/closed-guard|/bjj-glossary/flower-sweep|/bjj-glossary/kimura|/bjj-glossary/mount|/bjj-glossary/posture,pass
https://senseisandy.com/bjj-glossary/back-control,local_self_canonical,yes,yes,39,/bjj-glossary|/bjj-glossary/arm-drag|/bjj-glossary/back-defense|/bjj-glossary/back-take|/bjj-glossary/chest-to-back|/bjj-glossary/dominant-position,pass
https://senseisandy.com/bjj-glossary/back-defense,local_self_canonical,yes,yes,15,/bjj-glossary|/bjj-glossary/granby-roll|/bjj-glossary/seatbelt-escape|/bjj-glossary/updates|/dist/bjj-glossary|/dist/bjj-glossary/granby-roll,pass
https://senseisandy.com/bjj-glossary/back-take,local_self_canonical,yes,yes,30,/bjj-glossary|/bjj-glossary/chest-to-back|/bjj-glossary/go-behind|/bjj-glossary/go-behind-defense|/bjj-glossary/hooks|/bjj-glossary/rear-naked-choke,pass
https://senseisandy.com/bjj-glossary/backstep-pass,local_self_canonical,yes,yes,9,/bjj-glossary|/bjj-glossary/updates|/dist/bjj-glossary|/dist/bjj-glossary/updates|/dist/updates|/src/bjj-glossary,pass
https://senseisandy.com/bjj-glossary/base,local_self_canonical,yes,yes,47,/bjj-glossary|/bjj-glossary/butterfly-guard|/bjj-glossary/hip-heist|/bjj-glossary/off-balance|/bjj-glossary/posture|/bjj-glossary/scramble,pass
https://senseisandy.com/bjj-glossary/beginner-lane,local_self_canonical,yes,yes,12,/bjj-glossary|/bjj-glossary/tap|/bjj-glossary/updates|/dist/bjj-glossary|/dist/bjj-glossary/tap|/dist/bjj-glossary/updates,pass
https://senseisandy.com/bjj-glossary/body-lock,local_self_canonical,yes,yes,30,/bjj-glossary|/bjj-glossary/body-lock-pass|/bjj-glossary/clinch|/bjj-glossary/head-position|/bjj-glossary/inside-position|/bjj-glossary/inside-trip,pass
https://senseisandy.com/bjj-glossary/body-lock-pass,local_self_canonical,yes,yes,3,/bjj-glossary|/dist/bjj-glossary|/src/bjj-glossary,pass
https://senseisandy.com/bjj-glossary/bottom-position,local_self_canonical,yes,yes,13,/bjj-glossary|/bjj-glossary/position|/bjj-glossary/sweep-single|/dist/bjj-glossary/position|/dist/bjj-glossary/sweep-single|/dist/position,pass
https://senseisandy.com/bjj-glossary/bridge,local_self_canonical,yes,yes,15,/bjj-glossary|/bjj-glossary/elbow-knee-escape|/bjj-glossary/hip-escape|/bjj-glossary/mount|/bjj-glossary/upa-escape|/dist/bjj-glossary,pass
https://senseisandy.com/bjj-glossary/bully-proof,local_self_canonical,yes,yes,9,/bjj-glossary|/bjj-glossary/updates|/dist/bjj-glossary|/dist/bjj-glossary/updates|/dist/updates|/src/bjj-glossary,pass
https://senseisandy.com/bjj-glossary/butterfly-guard,local_self_canonical,yes,yes,12,/bjj-glossary|/bjj-glossary/base|/bjj-glossary/hooks|/bjj-glossary/open-guard|/dist/bjj-glossary|/dist/bjj-glossary/base,pass
https://senseisandy.com/bjj-glossary/butterfly-hook,local_self_canonical,yes,yes,15,/bjj-glossary|/bjj-glossary/butterfly-sweep|/bjj-glossary/hooks|/bjj-glossary/rear-naked-choke|/bjj-glossary/seated-guard|/dist/bjj-glossary,pass
https://senseisandy.com/bjj-glossary/butterfly-sweep,local_self_canonical,yes,yes,6,/bjj-glossary|/bjj-glossary/waiter-sweep|/dist/bjj-glossary|/dist/bjj-glossary/waiter-sweep|/src/bjj-glossary|/src/bjj-glossary/waiter-sweep,pass
https://senseisandy.com/bjj-glossary/chest-to-back,local_self_canonical,yes,yes,9,/bjj-glossary|/bjj-glossary/seatbelt-escape|/bjj-glossary/top-ride|/dist/bjj-glossary|/dist/bjj-glossary/seatbelt-escape|/dist/bjj-glossary/top-ride,pass
https://senseisandy.com/bjj-glossary/chest-to-chest,local_self_canonical,yes,yes,15,/bjj-glossary|/bjj-glossary/body-lock-pass|/bjj-glossary/crossface-pressure|/bjj-glossary/pressure|/bjj-glossary/shoulder-pressure|/dist/bjj-glossary,pass
https://senseisandy.com/bjj-glossary/choke,local_self_canonical,yes,yes,1,/bjj-glossary,pass
https://senseisandy.com/bjj-glossary/clinch,local_self_canonical,yes,yes,3,/bjj-glossary|/dist/bjj-glossary|/src/bjj-glossary,pass
https://senseisandy.com/bjj-glossary/closed-guard,local_self_canonical,yes,yes,42,/bjj-glossary|/bjj-glossary/armbar|/bjj-glossary/closed-guard-break|/bjj-glossary/collar-grip|/bjj-glossary/cross-collar-choke|/bjj-glossary/flower-sweep,pass
https://senseisandy.com/bjj-glossary/closed-guard-break,local_self_canonical,yes,yes,3,/bjj-glossary|/dist/bjj-glossary|/src/bjj-glossary,pass
https://senseisandy.com/bjj-glossary/collar-grip,local_self_canonical,yes,yes,21,/bjj-glossary|/bjj-glossary/cross-collar-choke|/bjj-glossary/grip|/bjj-glossary/lapel-grip|/bjj-glossary/posture-break|/bjj-glossary/sickle-sweep,pass
https://senseisandy.com/bjj-glossary/collar-tie,local_self_canonical,yes,yes,27,/bjj-glossary|/bjj-glossary/ankle-pick|/bjj-glossary/clinch|/bjj-glossary/hand-fighting|/bjj-glossary/head-line|/bjj-glossary/inside-tie,pass
https://senseisandy.com/bjj-glossary/control,local_self_canonical,yes,yes,87,/bjj-glossary|/bjj-glossary/ankle-lock|/bjj-glossary/beginner-lane|/bjj-glossary/body-lock|/bjj-glossary/bully-proof|/bjj-glossary/closed-guard-break,pass
https://senseisandy.com/bjj-glossary/cross-collar-choke,local_self_canonical,yes,yes,6,/bjj-glossary|/bjj-glossary/lapel-grip|/dist/bjj-glossary|/dist/bjj-glossary/lapel-grip|/src/bjj-glossary|/src/bjj-glossary/lapel-grip,pass
https://senseisandy.com/bjj-glossary/crossface,local_self_canonical,yes,yes,18,/bjj-glossary|/bjj-glossary/chest-to-chest|/bjj-glossary/crossface-pressure|/bjj-glossary/head-line|/bjj-glossary/pressure|/bjj-glossary/shoulder-pressure,pass
https://senseisandy.com/bjj-glossary/crossface-defense,local_self_canonical,yes,yes,6,/bjj-glossary|/bjj-glossary/knee-shield|/dist/bjj-glossary|/dist/bjj-glossary/knee-shield|/src/bjj-glossary|/src/bjj-glossary/knee-shield,pass
https://senseisandy.com/bjj-glossary/crossface-pressure,local_self_canonical,yes,yes,6,/bjj-glossary|/bjj-glossary/knee-slide|/dist/bjj-glossary|/dist/bjj-glossary/knee-slide|/src/bjj-glossary|/src/bjj-glossary/knee-slide,pass
https://senseisandy.com/bjj-glossary/de-la-riva,local_self_canonical,yes,yes,12,/bjj-glossary|/bjj-glossary/k-guard|/bjj-glossary/reverse-de-la-riva|/bjj-glossary/waiter-sweep|/dist/bjj-glossary|/dist/bjj-glossary/k-guard,pass
https://senseisandy.com/bjj-glossary/dominant-position,local_self_canonical,yes,yes,27,/bjj-glossary|/bjj-glossary/control|/bjj-glossary/neutral-position|/bjj-glossary/pin|/bjj-glossary/seatbelt|/bjj-glossary/sprawl,pass
https://senseisandy.com/bjj-glossary/double-leg,local_self_canonical,yes,yes,27,/bjj-glossary|/bjj-glossary/double-leg-defense|/bjj-glossary/level-change|/bjj-glossary/penetration-step|/bjj-glossary/re-shot|/bjj-glossary/shot-entry,pass
https://senseisandy.com/bjj-glossary/double-leg-defense,local_self_canonical,yes,yes,3,/bjj-glossary|/dist/bjj-glossary|/src/bjj-glossary,pass
https://senseisandy.com/bjj-glossary/drilling,local_self_canonical,yes,yes,13,/bjj-glossary|/bjj-glossary/open-mat|/bjj-glossary/roll|/dist/bjj-glossary/open-mat|/dist/bjj-glossary/roll|/dist/open-mat,pass
https://senseisandy.com/bjj-glossary/elbow-knee-escape,local_self_canonical,yes,yes,6,/bjj-glossary|/bjj-glossary/escape|/dist/bjj-glossary|/dist/bjj-glossary/escape|/src/bjj-glossary|/src/bjj-glossary/escape,pass
https://senseisandy.com/bjj-glossary/escape,local_self_canonical,yes,yes,27,/bjj-glossary|/bjj-glossary/bottom-position|/bjj-glossary/bully-proof|/bjj-glossary/position|/bjj-glossary/roll|/bjj-glossary/safety,pass
https://senseisandy.com/bjj-glossary/flower-sweep,local_self_canonical,yes,yes,3,/bjj-glossary|/dist/bjj-glossary|/src/bjj-glossary,pass
https://senseisandy.com/bjj-glossary/frame,local_self_canonical,yes,yes,51,/bjj-glossary|/bjj-glossary/beginner-lane|/bjj-glossary/bully-proof|/bjj-glossary/escape|/bjj-glossary/guard|/bjj-glossary/guard-retention,pass
https://senseisandy.com/bjj-glossary/frame-recovery,local_self_canonical,yes,yes,15,/bjj-glossary|/bjj-glossary/crossface-defense|/bjj-glossary/guard-recovery|/bjj-glossary/hip-escape|/bjj-glossary/torreando-defense|/dist/bjj-glossary,pass
https://senseisandy.com/bjj-glossary/frames,local_self_canonical,yes,yes,7,/bjj-glossary|/bjj-glossary/bottom-position|/bottom-position|/dist/bjj-glossary/bottom-position|/dist/bottom-position|/src/bjj-glossary/bottom-position,pass
https://senseisandy.com/bjj-glossary/front-headlock,local_self_canonical,yes,yes,57,/bjj-glossary|/bjj-glossary/back-take|/bjj-glossary/collar-tie|/bjj-glossary/double-leg-defense|/bjj-glossary/front-headlock-escape|/bjj-glossary/front-headlock-series,pass
https://senseisandy.com/bjj-glossary/front-headlock-escape,local_self_canonical,yes,yes,1,/bjj-glossary,pass
https://senseisandy.com/bjj-glossary/front-headlock-series,local_self_canonical,yes,yes,1,/bjj-glossary,pass
https://senseisandy.com/bjj-glossary/gi,local_self_canonical,yes,yes,21,/bjj-glossary|/bjj-glossary/collar-grip|/bjj-glossary/cross-collar-choke|/bjj-glossary/grip|/bjj-glossary/lapel-grip|/bjj-glossary/no-gi,pass
https://senseisandy.com/bjj-glossary/go-behind,local_self_canonical,yes,yes,18,/bjj-glossary|/bjj-glossary/front-headlock-series|/bjj-glossary/go-behind-defense|/bjj-glossary/scramble|/bjj-glossary/spin-behind|/dist/bjj-glossary,pass
https://senseisandy.com/bjj-glossary/go-behind-defense,local_self_canonical,yes,yes,3,/bjj-glossary|/dist/bjj-glossary|/src/bjj-glossary,pass
https://senseisandy.com/bjj-glossary/granby-roll,local_self_canonical,yes,yes,3,/bjj-glossary|/dist/bjj-glossary|/src/bjj-glossary,pass
https://senseisandy.com/bjj-glossary/grip,local_self_canonical,yes,yes,66,/bjj-glossary|/bjj-glossary/bottom-position|/bjj-glossary/choke|/bjj-glossary/collar-grip|/bjj-glossary/drilling|/bjj-glossary/frames,pass
https://senseisandy.com/bjj-glossary/grip-fighting,local_self_canonical,yes,yes,36,/bjj-glossary|/bjj-glossary/arm-drag|/bjj-glossary/collar-tie|/bjj-glossary/grip|/bjj-glossary/neutral-position|/bjj-glossary/overhook,pass
https://senseisandy.com/bjj-glossary/guard,local_self_canonical,yes,yes,164,/bjj-glossary|/bjj-glossary/armbar|/bjj-glossary/back-control|/bjj-glossary/bottom-position|/bjj-glossary/choke|/bjj-glossary/closed-guard,pass
https://senseisandy.com/bjj-glossary/guard-pass,local_self_canonical,yes,yes,32,/bjj-glossary|/bjj-glossary/backstep-pass|/bjj-glossary/body-lock-pass|/bjj-glossary/crossface-pressure|/bjj-glossary/heavy-hips|/bjj-glossary/leg-drag,pass
https://senseisandy.com/bjj-glossary/guard-pull,local_self_canonical,yes,yes,6,/bjj-glossary|/bjj-glossary/seated-guard|/dist/bjj-glossary|/dist/bjj-glossary/seated-guard|/src/bjj-glossary|/src/bjj-glossary/seated-guard,pass
https://senseisandy.com/bjj-glossary/guard-recovery,local_self_canonical,yes,yes,48,/bjj-glossary|/bjj-glossary/back-defense|/bjj-glossary/crossface-defense|/bjj-glossary/elbow-knee-escape|/bjj-glossary/escape|/bjj-glossary/frame-recovery,pass
https://senseisandy.com/bjj-glossary/guard-retention,local_self_canonical,yes,yes,26,/bjj-glossary|/bjj-glossary/de-la-riva|/bjj-glossary/drilling|/bjj-glossary/quarter-guard|/bjj-glossary/re-guard|/bjj-glossary/reverse-de-la-riva,pass
https://senseisandy.com/bjj-glossary/guillotine,local_self_canonical,yes,yes,12,/bjj-glossary|/bjj-glossary/back-control|/bjj-glossary/no-gi|/bjj-glossary/rear-naked-choke|/dist/bjj-glossary|/dist/bjj-glossary/back-control,pass
https://senseisandy.com/bjj-glossary/half-guard,local_self_canonical,yes,yes,30,/bjj-glossary|/bjj-glossary/crossface|/bjj-glossary/crossface-defense|/bjj-glossary/elbow-knee-escape|/bjj-glossary/guard|/bjj-glossary/knee-cut,pass
https://senseisandy.com/bjj-glossary/hand-fighting,local_self_canonical,yes,yes,6,/bjj-glossary|/bjj-glossary/inside-tie|/dist/bjj-glossary|/dist/bjj-glossary/inside-tie|/src/bjj-glossary|/src/bjj-glossary/inside-tie,pass
https://senseisandy.com/bjj-glossary/head-line,local_self_canonical,yes,yes,3,/bjj-glossary|/dist/bjj-glossary|/src/bjj-glossary,pass
https://senseisandy.com/bjj-glossary/head-position,local_self_canonical,yes,yes,69,/bjj-glossary|/bjj-glossary/ankle-pick|/bjj-glossary/body-lock|/bjj-glossary/collar-tie|/bjj-glossary/crossface-defense|/bjj-glossary/crossface-pressure,pass
https://senseisandy.com/bjj-glossary/heavy-hips,local_self_canonical,yes,yes,6,/bjj-glossary|/bjj-glossary/body-lock-pass|/dist/bjj-glossary|/dist/bjj-glossary/body-lock-pass|/src/bjj-glossary|/src/bjj-glossary/body-lock-pass,pass
https://senseisandy.com/bjj-glossary/hip-escape,local_self_canonical,yes,yes,42,/bjj-glossary|/bjj-glossary/elbow-knee-escape|/bjj-glossary/escape|/bjj-glossary/frame|/bjj-glossary/frame-recovery|/bjj-glossary/guard-recovery,pass
https://senseisandy.com/bjj-glossary/hip-heist,local_self_canonical,yes,yes,3,/bjj-glossary|/dist/bjj-glossary|/src/bjj-glossary,pass
https://senseisandy.com/bjj-glossary/hooks,local_self_canonical,yes,yes,6,/bjj-glossary|/bjj-glossary/chest-to-back|/dist/bjj-glossary|/dist/bjj-glossary/chest-to-back|/src/bjj-glossary|/src/bjj-glossary/chest-to-back,pass
https://senseisandy.com/bjj-glossary/inside-position,local_self_canonical,yes,yes,33,/bjj-glossary|/bjj-glossary/ankle-lock|/bjj-glossary/arm-drag|/bjj-glossary/body-lock|/bjj-glossary/butterfly-hook|/bjj-glossary/butterfly-sweep,pass
https://senseisandy.com/bjj-glossary/inside-tie,local_self_canonical,yes,yes,9,/bjj-glossary|/bjj-glossary/clinch|/bjj-glossary/inside-trip|/dist/bjj-glossary|/dist/bjj-glossary/clinch|/dist/bjj-glossary/inside-trip,pass
https://senseisandy.com/bjj-glossary/inside-trip,local_self_canonical,yes,yes,9,/bjj-glossary|/bjj-glossary/off-balance|/bjj-glossary/outside-trip|/dist/bjj-glossary|/dist/bjj-glossary/off-balance|/dist/bjj-glossary/outside-trip,pass
https://senseisandy.com/bjj-glossary/inversion,local_self_canonical,yes,yes,9,/bjj-glossary|/bjj-glossary/granby-roll|/bjj-glossary/reverse-de-la-riva|/dist/bjj-glossary|/dist/bjj-glossary/granby-roll|/dist/bjj-glossary/reverse-de-la-riva,pass
https://senseisandy.com/bjj-glossary/jiu-jitsu,local_self_canonical,yes,yes,3,/bjj-glossary|/dist/bjj-glossary|/src/bjj-glossary,pass
https://senseisandy.com/bjj-glossary/k-guard,local_self_canonical,yes,yes,12,/bjj-glossary|/bjj-glossary/de-la-riva|/bjj-glossary/reverse-de-la-riva|/bjj-glossary/waiter-sweep|/dist/bjj-glossary|/dist/bjj-glossary/de-la-riva,pass
https://senseisandy.com/bjj-glossary/kimura,local_self_canonical,yes,yes,6,/bjj-glossary|/bjj-glossary/submission|/dist/bjj-glossary|/dist/bjj-glossary/submission|/src/bjj-glossary|/src/bjj-glossary/submission,pass
https://senseisandy.com/bjj-glossary/knee-cut,local_self_canonical,yes,yes,18,/bjj-glossary|/bjj-glossary/guard-pass|/bjj-glossary/knee-slide|/bjj-glossary/open-guard-pass|/bjj-glossary/quarter-guard|/bjj-glossary/torreando,pass
https://senseisandy.com/bjj-glossary/knee-line,local_self_canonical,yes,yes,12,/bjj-glossary|/bjj-glossary/ankle-lock|/bjj-glossary/leg-entanglement|/bjj-glossary/x-guard|/dist/bjj-glossary|/dist/bjj-glossary/ankle-lock,pass
https://senseisandy.com/bjj-glossary/knee-shield,local_self_canonical,yes,yes,12,/bjj-glossary|/bjj-glossary/frames|/bjj-glossary/z-guard|/dist/bjj-glossary|/dist/bjj-glossary/frames|/dist/bjj-glossary/z-guard,pass
https://senseisandy.com/bjj-glossary/knee-slide,local_self_canonical,yes,yes,3,/bjj-glossary|/dist/bjj-glossary|/src/bjj-glossary,pass
https://senseisandy.com/bjj-glossary/lapel-grip,local_self_canonical,yes,yes,6,/bjj-glossary|/bjj-glossary/posture-break|/dist/bjj-glossary|/dist/bjj-glossary/posture-break|/src/bjj-glossary|/src/bjj-glossary/posture-break,pass
https://senseisandy.com/bjj-glossary/leg-drag,local_self_canonical,yes,yes,18,/bjj-glossary|/bjj-glossary/backstep-pass|/bjj-glossary/long-step|/bjj-glossary/mount-transition|/bjj-glossary/reverse-de-la-riva|/bjj-glossary/windshield-wiper,pass
https://senseisandy.com/bjj-glossary/leg-entanglement,local_self_canonical,yes,yes,15,/bjj-glossary|/bjj-glossary/ankle-lock|/bjj-glossary/k-guard|/bjj-glossary/knee-line|/bjj-glossary/x-guard|/dist/bjj-glossary,pass
https://senseisandy.com/bjj-glossary/level-change,local_self_canonical,yes,yes,15,/bjj-glossary|/bjj-glossary/double-leg-defense|/bjj-glossary/penetration-step|/bjj-glossary/re-shot|/bjj-glossary/shot-entry|/dist/bjj-glossary,pass
https://senseisandy.com/bjj-glossary/long-step,local_self_canonical,yes,yes,12,/bjj-glossary|/bjj-glossary/backstep-pass|/bjj-glossary/leg-drag|/bjj-glossary/windshield-wiper|/dist/bjj-glossary|/dist/bjj-glossary/backstep-pass,pass
https://senseisandy.com/bjj-glossary/mat-return,local_self_canonical,yes,yes,6,/bjj-glossary|/bjj-glossary/top-ride|/dist/bjj-glossary|/dist/bjj-glossary/top-ride|/src/bjj-glossary|/src/bjj-glossary/top-ride,pass
https://senseisandy.com/bjj-glossary/mount,local_self_canonical,yes,yes,48,/bjj-glossary|/bjj-glossary/armbar|/bjj-glossary/back-control|/bjj-glossary/base|/bjj-glossary/bridge|/bjj-glossary/cross-collar-choke,pass
https://senseisandy.com/bjj-glossary/mount-transition,local_self_canonical,yes,yes,12,/bjj-glossary|/bjj-glossary/heavy-hips|/bjj-glossary/knee-slide|/bjj-glossary/windshield-wiper|/dist/bjj-glossary|/dist/bjj-glossary/heavy-hips,pass
https://senseisandy.com/bjj-glossary/neutral-position,local_self_canonical,yes,yes,24,/bjj-glossary|/bjj-glossary/double-leg|/bjj-glossary/inside-position|/bjj-glossary/pummel|/bjj-glossary/single-leg|/bjj-glossary/sprawl,pass
https://senseisandy.com/bjj-glossary/no-gi,local_self_canonical,yes,yes,12,/bjj-glossary|/bjj-glossary/gi|/bjj-glossary/grip-fighting|/bjj-glossary/guillotine|/dist/bjj-glossary|/dist/bjj-glossary/gi,pass
https://senseisandy.com/bjj-glossary/north-south,local_self_canonical,yes,yes,6,/bjj-glossary|/bjj-glossary/kimura|/dist/bjj-glossary|/dist/bjj-glossary/kimura|/src/bjj-glossary|/src/bjj-glossary/kimura,pass
https://senseisandy.com/bjj-glossary/off-balance,local_self_canonical,yes,yes,18,/bjj-glossary|/bjj-glossary/de-la-riva|/bjj-glossary/inside-trip|/bjj-glossary/k-guard|/bjj-glossary/outside-trip|/bjj-glossary/waiter-sweep,pass
https://senseisandy.com/bjj-glossary/open-guard,local_self_canonical,yes,yes,21,/bjj-glossary|/bjj-glossary/butterfly-guard|/bjj-glossary/de-la-riva|/bjj-glossary/guard-retention|/bjj-glossary/k-guard|/bjj-glossary/re-guard,pass
https://senseisandy.com/bjj-glossary/open-guard-pass,local_self_canonical,yes,yes,18,/bjj-glossary|/bjj-glossary/backstep-pass|/bjj-glossary/guard-pass|/bjj-glossary/leg-drag|/bjj-glossary/long-step|/bjj-glossary/tripod-sweep,pass
https://senseisandy.com/bjj-glossary/open-mat,local_self_canonical,yes,yes,16,/bjj-glossary|/bjj-glossary/drilling|/bjj-glossary/roll|/dist/bjj-glossary/drilling|/dist/bjj-glossary/roll|/dist/drilling,pass
https://senseisandy.com/bjj-glossary/outside-trip,local_self_canonical,yes,yes,9,/bjj-glossary|/bjj-glossary/inside-trip|/bjj-glossary/off-balance|/dist/bjj-glossary|/dist/bjj-glossary/inside-trip|/dist/bjj-glossary/off-balance,pass
https://senseisandy.com/bjj-glossary/overhook,local_self_canonical,yes,yes,15,/bjj-glossary|/bjj-glossary/outside-trip|/bjj-glossary/pummel|/bjj-glossary/whizzer|/bjj-glossary/whizzer-defense|/dist/bjj-glossary,pass
https://senseisandy.com/bjj-glossary/penetration-step,local_self_canonical,yes,yes,9,/bjj-glossary|/bjj-glossary/level-change|/bjj-glossary/shot-entry|/dist/bjj-glossary|/dist/bjj-glossary/level-change|/dist/bjj-glossary/shot-entry,pass
https://senseisandy.com/bjj-glossary/pin,local_self_canonical,yes,yes,32,/bjj-glossary|/bjj-glossary/chest-to-chest|/bjj-glossary/control|/bjj-glossary/crossface|/bjj-glossary/dominant-position|/bjj-glossary/knee-cut,pass
https://senseisandy.com/bjj-glossary/pin-escape,local_self_canonical,yes,yes,5,/bjj-glossary|/dist/bjj-glossary|/dist/report-card|/src/bjj-glossary|/src/report-card,pass
https://senseisandy.com/bjj-glossary/position,local_self_canonical,yes,yes,1,/bjj-glossary,pass
https://senseisandy.com/bjj-glossary/posture,local_self_canonical,yes,yes,15,/bjj-glossary|/bjj-glossary/base|/bjj-glossary/closed-guard|/bjj-glossary/updates|/dist/bjj-glossary|/dist/bjj-glossary/base,pass
https://senseisandy.com/bjj-glossary/posture-break,local_self_canonical,yes,yes,9,/bjj-glossary|/bjj-glossary/lapel-grip|/bjj-glossary/wrist-control|/dist/bjj-glossary|/dist/bjj-glossary/lapel-grip|/dist/bjj-glossary/wrist-control,pass
https://senseisandy.com/bjj-glossary/posture-recovery,local_self_canonical,yes,yes,9,/bjj-glossary|/bjj-glossary/front-headlock-escape|/dist/bjj-glossary|/dist/bjj-glossary/front-headlock-escape|/dist/front-headlock-escape|/front-headlock-escape,pass
https://senseisandy.com/bjj-glossary/pressure,local_self_canonical,yes,yes,15,/bjj-glossary|/bjj-glossary/body-lock-pass|/bjj-glossary/chest-to-chest|/bjj-glossary/heavy-hips|/bjj-glossary/shoulder-pressure|/dist/bjj-glossary,pass
https://senseisandy.com/bjj-glossary/pummel,local_self_canonical,yes,yes,27,/bjj-glossary|/bjj-glossary/body-lock|/bjj-glossary/clinch|/bjj-glossary/hand-fighting|/bjj-glossary/inside-position|/bjj-glossary/inside-tie,pass
https://senseisandy.com/bjj-glossary/quarter-guard,local_self_canonical,yes,yes,3,/bjj-glossary|/dist/bjj-glossary|/src/bjj-glossary,pass
https://senseisandy.com/bjj-glossary/re-guard,local_self_canonical,yes,yes,3,/bjj-glossary|/dist/bjj-glossary|/src/bjj-glossary,pass
https://senseisandy.com/bjj-glossary/re-shot,local_self_canonical,yes,yes,3,/bjj-glossary|/dist/bjj-glossary|/src/bjj-glossary,pass
https://senseisandy.com/bjj-glossary/rear-naked-choke,local_self_canonical,yes,yes,21,/bjj-glossary|/bjj-glossary/back-defense|/bjj-glossary/back-take|/bjj-glossary/chest-to-back|/bjj-glossary/choke|/bjj-glossary/seatbelt-escape,pass
https://senseisandy.com/bjj-glossary/reverse-de-la-riva,local_self_canonical,yes,yes,9,/bjj-glossary|/bjj-glossary/de-la-riva|/bjj-glossary/k-guard|/dist/bjj-glossary|/dist/bjj-glossary/de-la-riva|/dist/bjj-glossary/k-guard,pass
https://senseisandy.com/bjj-glossary/roll,local_self_canonical,yes,yes,13,/bjj-glossary|/bjj-glossary/drilling|/bjj-glossary/open-mat|/dist/bjj-glossary/drilling|/dist/bjj-glossary/open-mat|/dist/drilling,pass
https://senseisandy.com/bjj-glossary/safety,local_self_canonical,yes,yes,18,/bjj-glossary|/bjj-glossary/beginner-lane|/bjj-glossary/bully-proof|/bjj-glossary/tap|/bjj-glossary/updates|/dist/bjj-glossary,pass
https://senseisandy.com/bjj-glossary/scissor-sweep,local_self_canonical,yes,yes,3,/bjj-glossary|/dist/bjj-glossary|/src/bjj-glossary,pass
https://senseisandy.com/bjj-glossary/scramble,local_self_canonical,yes,yes,33,/bjj-glossary|/bjj-glossary/go-behind|/bjj-glossary/go-behind-defense|/bjj-glossary/granby-roll|/bjj-glossary/hip-heist|/bjj-glossary/mat-return,pass
https://senseisandy.com/bjj-glossary/seatbelt,local_self_canonical,yes,yes,21,/bjj-glossary|/bjj-glossary/back-defense|/bjj-glossary/back-take|/bjj-glossary/chest-to-back|/bjj-glossary/hooks|/bjj-glossary/rear-naked-choke,pass
https://senseisandy.com/bjj-glossary/seatbelt-escape,local_self_canonical,yes,yes,6,/bjj-glossary|/bjj-glossary/back-defense|/dist/bjj-glossary|/dist/bjj-glossary/back-defense|/src/bjj-glossary|/src/bjj-glossary/back-defense,pass
https://senseisandy.com/bjj-glossary/seated-guard,local_self_canonical,yes,yes,21,/bjj-glossary|/bjj-glossary/butterfly-hook|/bjj-glossary/butterfly-sweep|/bjj-glossary/guard-pull|/bjj-glossary/open-guard-pass|/bjj-glossary/technical-stand-up,pass
https://senseisandy.com/bjj-glossary/shot-entry,local_self_canonical,yes,yes,15,/bjj-glossary|/bjj-glossary/double-leg-defense|/bjj-glossary/level-change|/bjj-glossary/penetration-step|/bjj-glossary/re-shot|/dist/bjj-glossary,pass
https://senseisandy.com/bjj-glossary/shoulder-pressure,local_self_canonical,yes,yes,9,/bjj-glossary|/bjj-glossary/crossface-pressure|/bjj-glossary/head-line|/dist/bjj-glossary|/dist/bjj-glossary/crossface-pressure|/dist/bjj-glossary/head-line,pass
https://senseisandy.com/bjj-glossary/shrimp,local_self_canonical,yes,yes,78,/bjj-glossary|/bjj-glossary/bottom-position|/bjj-glossary/bridge|/bjj-glossary/choke|/bjj-glossary/drilling|/bjj-glossary/frame,pass
https://senseisandy.com/bjj-glossary/sickle-sweep,local_self_canonical,yes,yes,3,/bjj-glossary|/dist/bjj-glossary|/src/bjj-glossary,pass
https://senseisandy.com/bjj-glossary/side-control,local_self_canonical,yes,yes,108,/bjj-glossary|/bjj-glossary/back-control|/bjj-glossary/backstep-pass|/bjj-glossary/body-lock-pass|/bjj-glossary/bridge|/bjj-glossary/chest-to-chest,pass
https://senseisandy.com/bjj-glossary/single-leg,local_self_canonical,yes,yes,33,/bjj-glossary|/bjj-glossary/double-leg|/bjj-glossary/level-change|/bjj-glossary/penetration-step|/bjj-glossary/re-shot|/bjj-glossary/shot-entry,pass
https://senseisandy.com/bjj-glossary/single-leg-defense,local_self_canonical,yes,yes,6,/bjj-glossary|/bjj-glossary/whizzer-defense|/dist/bjj-glossary|/dist/bjj-glossary/whizzer-defense|/src/bjj-glossary|/src/bjj-glossary/whizzer-defense,pass
https://senseisandy.com/bjj-glossary/sleeve-grip,local_self_canonical,yes,yes,12,/bjj-glossary|/bjj-glossary/collar-grip|/bjj-glossary/lapel-grip|/bjj-glossary/sickle-sweep|/dist/bjj-glossary|/dist/bjj-glossary/collar-grip,pass
https://senseisandy.com/bjj-glossary/snap-down,local_self_canonical,yes,yes,24,/bjj-glossary|/bjj-glossary/ankle-pick|/bjj-glossary/collar-tie|/bjj-glossary/front-headlock|/bjj-glossary/front-headlock-series|/bjj-glossary/snap-down-defense,pass
https://senseisandy.com/bjj-glossary/snap-down-defense,local_self_canonical,yes,yes,1,/bjj-glossary,pass
https://senseisandy.com/bjj-glossary/spin-behind,local_self_canonical,yes,yes,9,/bjj-glossary|/bjj-glossary/front-headlock-series|/dist/bjj-glossary|/dist/bjj-glossary/front-headlock-series|/dist/front-headlock-series|/front-headlock-series,pass
https://senseisandy.com/bjj-glossary/sprawl,local_self_canonical,yes,yes,33,/bjj-glossary|/bjj-glossary/double-leg|/bjj-glossary/front-headlock|/bjj-glossary/front-headlock-escape|/bjj-glossary/head-position|/bjj-glossary/single-leg,pass
https://senseisandy.com/bjj-glossary/sprawl-defense,local_self_canonical,yes,yes,18,/bjj-glossary|/bjj-glossary/double-leg-defense|/bjj-glossary/heavy-hips|/bjj-glossary/re-shot|/bjj-glossary/single-leg-defense|/bjj-glossary/spin-behind,pass
https://senseisandy.com/bjj-glossary/submission,local_self_canonical,yes,yes,26,/bjj-glossary|/bjj-glossary/choke|/bjj-glossary/jiu-jitsu|/bjj-glossary/position|/bjj-glossary/tap|/bjj-glossary/triangle,pass
https://senseisandy.com/bjj-glossary/sweep,local_self_canonical,yes,yes,69,/bjj-glossary|/bjj-glossary/base|/bjj-glossary/bridge|/bjj-glossary/butterfly-guard|/bjj-glossary/butterfly-hook|/bjj-glossary/butterfly-sweep,pass
https://senseisandy.com/bjj-glossary/sweep-single,local_self_canonical,yes,yes,1,/bjj-glossary,pass
https://senseisandy.com/bjj-glossary/takedown,local_self_canonical,yes,yes,63,/bjj-glossary|/bjj-glossary/ankle-pick|/bjj-glossary/arm-drag|/bjj-glossary/body-lock|/bjj-glossary/clinch|/bjj-glossary/double-leg,pass
https://senseisandy.com/bjj-glossary/takedown-defense,local_self_canonical,yes,yes,9,/bjj-glossary|/bjj-glossary/single-leg-defense|/bjj-glossary/whizzer|/dist/bjj-glossary|/dist/bjj-glossary/single-leg-defense|/dist/bjj-glossary/whizzer,pass
https://senseisandy.com/bjj-glossary/tap,local_self_canonical,yes,yes,69,/bjj-glossary|/bjj-glossary/armbar|/bjj-glossary/back-control|/bjj-glossary/beginner-lane|/bjj-glossary/bridge|/bjj-glossary/choke,pass
https://senseisandy.com/bjj-glossary/technical-stand-up,local_self_canonical,yes,yes,21,/bjj-glossary|/bjj-glossary/hip-heist|/bjj-glossary/scramble|/bjj-glossary/seated-guard|/bjj-glossary/tripod-sweep|/bjj-glossary/turtle,pass
https://senseisandy.com/bjj-glossary/top-position,local_self_canonical,yes,yes,63,/bjj-glossary|/bjj-glossary/backstep-pass|/bjj-glossary/bottom-position|/bjj-glossary/chest-to-chest|/bjj-glossary/guard-pass|/bjj-glossary/heavy-hips,pass
https://senseisandy.com/bjj-glossary/top-ride,local_self_canonical,yes,yes,3,/bjj-glossary|/dist/bjj-glossary|/src/bjj-glossary,pass
https://senseisandy.com/bjj-glossary/torreando,local_self_canonical,yes,yes,18,/bjj-glossary|/bjj-glossary/guard-pass|/bjj-glossary/knee-cut|/bjj-glossary/long-step|/bjj-glossary/open-guard-pass|/bjj-glossary/torreando-defense,pass
https://senseisandy.com/bjj-glossary/torreando-defense,local_self_canonical,yes,yes,6,/bjj-glossary|/bjj-glossary/guard-retention|/dist/bjj-glossary|/dist/bjj-glossary/guard-retention|/src/bjj-glossary|/src/bjj-glossary/guard-retention,pass
https://senseisandy.com/bjj-glossary/transition,local_self_canonical,yes,yes,39,/bjj-glossary|/bjj-glossary/arm-drag|/bjj-glossary/closed-guard-break|/bjj-glossary/control|/bjj-glossary/go-behind|/bjj-glossary/grip-fighting,pass
https://senseisandy.com/bjj-glossary/triangle,local_self_canonical,yes,yes,27,/bjj-glossary|/bjj-glossary/armbar|/bjj-glossary/choke|/bjj-glossary/closed-guard|/bjj-glossary/guard|/bjj-glossary/posture,pass
https://senseisandy.com/bjj-glossary/tripod-sweep,local_self_canonical,yes,yes,6,/bjj-glossary|/bjj-glossary/sickle-sweep|/dist/bjj-glossary|/dist/bjj-glossary/sickle-sweep|/src/bjj-glossary|/src/bjj-glossary/sickle-sweep,pass
https://senseisandy.com/bjj-glossary/turtle,local_self_canonical,yes,yes,24,/bjj-glossary|/bjj-glossary/go-behind|/bjj-glossary/go-behind-defense|/bjj-glossary/granby-roll|/bjj-glossary/hip-heist|/bjj-glossary/scramble,pass
https://senseisandy.com/bjj-glossary/underhook,local_self_canonical,yes,yes,27,/bjj-glossary|/bjj-glossary/butterfly-guard|/bjj-glossary/collar-tie|/bjj-glossary/knee-shield|/bjj-glossary/outside-trip|/bjj-glossary/side-control,pass
https://senseisandy.com/bjj-glossary/upa-escape,local_self_canonical,yes,yes,6,/bjj-glossary|/bjj-glossary/escape|/dist/bjj-glossary|/dist/bjj-glossary/escape|/src/bjj-glossary|/src/bjj-glossary/escape,pass
https://senseisandy.com/bjj-glossary/updates,local_self_canonical,yes,yes,4,/blog|/dist/student-hub|/src/student-hub|/student-hub,pass
https://senseisandy.com/bjj-glossary/waiter-sweep,local_self_canonical,yes,yes,6,/bjj-glossary|/bjj-glossary/de-la-riva|/dist/bjj-glossary|/dist/bjj-glossary/de-la-riva|/src/bjj-glossary|/src/bjj-glossary/de-la-riva,pass
https://senseisandy.com/bjj-glossary/whizzer,local_self_canonical,yes,yes,21,/bjj-glossary|/bjj-glossary/overhook|/bjj-glossary/pummel|/bjj-glossary/single-leg-defense|/bjj-glossary/sprawl|/bjj-glossary/takedown-defense,pass
https://senseisandy.com/bjj-glossary/whizzer-defense,local_self_canonical,yes,yes,6,/bjj-glossary|/bjj-glossary/single-leg-defense|/dist/bjj-glossary|/dist/bjj-glossary/single-leg-defense|/src/bjj-glossary|/src/bjj-glossary/single-leg-defense,pass
https://senseisandy.com/bjj-glossary/windshield-wiper,local_self_canonical,yes,yes,9,/bjj-glossary|/bjj-glossary/long-step|/bjj-glossary/mount-transition|/dist/bjj-glossary|/dist/bjj-glossary/long-step|/dist/bjj-glossary/mount-transition,pass
https://senseisandy.com/bjj-glossary/wrestle-up,local_self_canonical,yes,yes,12,/bjj-glossary|/bjj-glossary/hip-heist|/bjj-glossary/k-guard|/bjj-glossary/waiter-sweep|/dist/bjj-glossary|/dist/bjj-glossary/hip-heist,pass
https://senseisandy.com/bjj-glossary/wrist-control,local_self_canonical,yes,yes,9,/bjj-glossary|/bjj-glossary/ankle-pick|/bjj-glossary/posture-break|/dist/bjj-glossary|/dist/bjj-glossary/ankle-pick|/dist/bjj-glossary/posture-break,pass
https://senseisandy.com/bjj-glossary/x-guard,local_self_canonical,yes,yes,12,/bjj-glossary|/bjj-glossary/ankle-lock|/bjj-glossary/knee-line|/bjj-glossary/leg-entanglement|/dist/bjj-glossary|/dist/bjj-glossary/ankle-lock,pass
https://senseisandy.com/bjj-glossary/z-guard,local_self_canonical,yes,yes,3,/bjj-glossary|/dist/bjj-glossary|/src/bjj-glossary,pass
https://senseisandy.com/bjj-stretches,local+self_sitemap,yes,yes,756,/|/admin/youth-intro|/after-booking-promise|/after-school|/annual-track|/archive/6weekgrandslam,pass
https://senseisandy.com/bjj-tannersville-ny-directions,local+self_sitemap,yes,yes,775,/|/admin/youth-intro|/after-booking-promise|/after-school|/annual-track|/archive/6weekgrandslam,pass
https://senseisandy.com/black-belt-concierge,local+self_sitemap,yes,yes,4,/blog|/dist/private-lessons|/private-lessons|/src/private-lessons,pass
https://senseisandy.com/blog,local+self_sitemap,yes,yes,801,/|/admin/youth-intro|/after-booking-promise|/after-school|/annual-track|/archive/6weekgrandslam,pass
https://senseisandy.com/blog/after-school-jiu-jitsu,local+self_sitemap,yes,yes,38,/artifacts/ranking-release-2026-09-06/4.after|/artifacts/ranking-release-2026-09-06/4.before|/blog/after-school-jiu-jitsu-calm-routine-catskills|/blog/bjj-sensei|/blog/hunter-elementary-tuesday-drop-off-bjj|/blog/jiu-jitsu-near-windham-mountain-club,pass
https://senseisandy.com/blog/after-school-jiu-jitsu-calm-routine-catskills,local+self_sitemap,yes,yes,32,/artifacts/ranking-release-2026-09-06/4.after|/artifacts/ranking-release-2026-09-06/4.before|/blog/after-school-jiu-jitsu|/blog/bjj-sensei|/blog/jiu-jitsu-near-windham-mountain-club|/blog/jiu-jitsu-near-windham-mountain-club-ski-families,pass
https://senseisandy.com/blog/beginners-guide-bjj-human-chess,local+self_sitemap,yes,yes,6,/blog/growth-over-gold-bjj-mindset|/blog/tags/starting-jiu-jitsu|/dist/blog/growth-over-gold-bjj-mindset|/dist/blog/tags/starting-jiu-jitsu|/src/blog/growth-over-gold-bjj-mindset|/src/blog/tags/starting-jiu-jitsu,pass
https://senseisandy.com/blog/bio-ginastica-mobility,local+self_sitemap,yes,no,0,,fail
https://senseisandy.com/blog/bio-switch-nervous-system,local+self_sitemap,yes,yes,16,/blog/bioginastica-movement-no-gi|/blog/bjj-36-techniques|/blog/gain-points-system|/blog/kinetic-chess-onteora-park|/blog/neck-cranks-bjj-longevity-guide|/blog/wrestle-ups-scramble,pass
https://senseisandy.com/blog/bioginastica-movement-no-gi,local+self_sitemap,yes,yes,21,/blog|/blog/bio-ginastica-mobility|/blog/bio-switch-nervous-system|/blog/bjj-36-techniques|/blog/exactly-what-happens-first-bjj-class-minute-by-minute|/blog/gain-points-system,pass
https://senseisandy.com/blog/bjj-36-techniques,local+self_sitemap,yes,yes,6,/blog|/blog/tags/starting-jiu-jitsu|/dist/blog|/dist/blog/tags/starting-jiu-jitsu|/src/blog|/src/blog/tags/starting-jiu-jitsu,pass
https://senseisandy.com/blog/bjj-beginners-over-40-catskills,local+self_sitemap,yes,yes,24,/blog/beginners-guide-bjj-human-chess|/blog/cairo-ny-bjj-specialist|/blog/catskills-gym-alternative-jiu-jitsu|/blog/growth-over-gold-bjj-mindset|/blog/tags/adult-bjj|/blog/tags/starting-jiu-jitsu,pass
https://senseisandy.com/blog/bjj-belts-stripes-promotions,local+self_sitemap,yes,yes,21,/blog/bjj-black-belt-degree-time|/blog/bjj-promotions-how-often|/blog/can-you-beat-sensei-without-a-black-belt|/blog/gi-bjj-windham-ny|/blog/kids-martial-arts-haines-falls-beginner-friendly-jiu-jitsu|/blog/kids-teens-bjj-belts-ranks-stripes-promotions,pass
https://senseisandy.com/blog/bjj-black-belt-degree-time,local+self_sitemap,yes,yes,12,/blog/bjj-belts-stripes-promotions|/blog/bjj-promotions-how-often|/blog/can-you-beat-sensei-without-a-black-belt|/blog/kids-teens-bjj-belts-ranks-stripes-promotions|/dist/blog/bjj-belts-stripes-promotions|/dist/blog/bjj-promotions-how-often,pass
https://senseisandy.com/blog/bjj-promotions-how-often,local+self_sitemap,yes,yes,12,/blog/bjj-belts-stripes-promotions|/blog/bjj-black-belt-degree-time|/blog/gi-vs-no-gi-bjj-cheat-code|/blog/kids-teens-bjj-belts-ranks-stripes-promotions|/dist/blog/bjj-belts-stripes-promotions|/dist/blog/bjj-black-belt-degree-time,pass
https://senseisandy.com/blog/bjj-sensei,local+self_sitemap,yes,yes,11,/artifacts/ranking-release-2026-09-06/1.after|/artifacts/ranking-release-2026-09-06/1.before|/artifacts/ranking-release-2026-09-06/3.after|/bully-proof-jiu-jitsu-tannersville-ny|/dist|/dist/bully-proof-jiu-jitsu-tannersville-ny,pass
https://senseisandy.com/blog/cairo-ny-bjj-specialist,local+self_sitemap,yes,yes,12,/blog/beginners-guide-bjj-human-chess|/blog/bjj-beginners-over-40-catskills|/blog/tannersville-bjj-tuesday|/blog/things-to-do-near-hunter-ny-private-bjj-coaching|/dist/blog/beginners-guide-bjj-human-chess|/dist/blog/bjj-beginners-over-40-catskills,pass
https://senseisandy.com/blog/can-you-beat-sensei-without-a-black-belt,local+self_sitemap,yes,yes,8,/artifacts/ranking-release-2026-09-06/4.after|/artifacts/ranking-release-2026-09-06/4.before|/blog/bjj-sensei|/blog/schedule-sensei|/dist/blog/bjj-sensei|/dist/blog/schedule-sensei,pass
https://senseisandy.com/blog/catskills-gym-alternative-jiu-jitsu,local+self_sitemap,yes,yes,4,/blog|/blog/what-is-sanda-sanshou|/dist/blog/what-is-sanda-sanshou|/src/blog/what-is-sanda-sanshou,pass
https://senseisandy.com/blog/exactly-what-happens-first-bjj-class-minute-by-minute,local+self_sitemap,yes,yes,37,/beginner-friendly-bjj-tannersville-links|/blog|/blog/beginner-friendly-bjj-tannersville-evidence|/blog/beginner-friendly-bjj-tannersville-links|/blog/confidence-protocol|/blog/kids-jiu-jitsu-windham-ny,pass
https://senseisandy.com/blog/gain-points-system,local+self_sitemap,yes,yes,18,/blog/bio-switch-nervous-system|/blog/bioginastica-movement-no-gi|/blog/bjj-36-techniques|/blog/kinetic-chess-onteora-park|/blog/neck-cranks-bjj-longevity-guide|/blog/wrestle-ups-scramble,pass
https://senseisandy.com/blog/gi-bjj-windham-ny,local+self_sitemap,yes,yes,6,/blog/no-gi-windham-ny|/blog/tags/adult-bjj|/dist/blog/no-gi-windham-ny|/dist/blog/tags/adult-bjj|/src/blog/no-gi-windham-ny|/src/blog/tags/adult-bjj,pass
https://senseisandy.com/blog/gi-vs-no-gi-bjj-cheat-code,local+self_sitemap,yes,yes,33,/blog/catskills-gym-alternative-jiu-jitsu|/blog/gi-bjj-windham-ny|/blog/jiu-jitsu-near-windham-mountain-club|/blog/jiu-jitsu-near-windham-mountain-club-ski-families|/blog/martial-arts-windham-ny-why-families-pick-jiu-jitsu|/blog/no-gi-windham-ny,pass
https://senseisandy.com/blog/growth-over-gold-bjj-mindset,local+self_sitemap,yes,yes,4,/blog|/blog/schedule-sensei-reset-protocol|/dist/blog/schedule-sensei-reset-protocol|/src/blog/schedule-sensei-reset-protocol,pass
https://senseisandy.com/blog/how-to-fall-safely-bjj-breakfalls,local+self_sitemap,yes,yes,9,/blog/seated-guard-basics|/blog/sensei-rules|/blog/tags/starting-jiu-jitsu|/dist/blog/seated-guard-basics|/dist/blog/sensei-rules|/dist/blog/tags/starting-jiu-jitsu,pass
https://senseisandy.com/blog/hunter-elementary-tuesday-drop-off-bjj,local+self_sitemap,yes,yes,9,/blog/after-school-jiu-jitsu|/blog/kids-jiu-jitsu-windham-ny|/blog/tags/youth|/dist/blog/after-school-jiu-jitsu|/dist/blog/kids-jiu-jitsu-windham-ny|/dist/blog/tags/youth,pass
https://senseisandy.com/blog/jiu-jitsu-near-hunter-mountain,local+self_sitemap,yes,yes,13,/artifacts/ranking-release-2026-09-06/2.after|/artifacts/ranking-release-2026-09-06/2.before|/beginner-friendly-bjj-tannersville-links|/blog/jiu-jitsu-windham-ny|/blog/teen-jiu-jitsu-hunter-ny|/blog/things-to-do-near-hunter-ny-private-bjj-coaching,pass
https://senseisandy.com/blog/jiu-jitsu-near-windham-mountain-club,local+self_sitemap,yes,yes,125,/artifacts/ranking-release-2026-09-06/2.after|/artifacts/ranking-release-2026-09-06/2.before|/artifacts/ranking-release-2026-09-06/4.after|/artifacts/ranking-release-2026-09-06/4.before|/blog|/blog/after-school-jiu-jitsu,pass
https://senseisandy.com/blog/jiu-jitsu-near-windham-mountain-club-ski-families,local+self_sitemap,yes,yes,18,/blog/after-school-jiu-jitsu|/blog/after-school-jiu-jitsu-calm-routine-catskills|/blog/jiu-jitsu-near-windham-mountain-club|/blog/private-jiu-jitsu-lessons-windham-ny|/blog/schedule-sensei-weekly-template|/blog/what-does-sensei-mean-in-bjj,pass
https://senseisandy.com/blog/jiu-jitsu-windham-ny,local+self_sitemap,yes,yes,18,/blog/gi-bjj-windham-ny|/blog/jiu-jitsu-near-hunter-mountain|/blog/kids-jiu-jitsu-windham-ny|/blog/martial-arts-windham-ny-why-families-pick-jiu-jitsu|/blog/no-gi-windham-ny|/blog/private-jiu-jitsu-lessons-windham-ny,pass
https://senseisandy.com/blog/kids-jiu-jitsu-windham-ny,local+self_sitemap,yes,yes,25,/artifacts/ranking-release-2026-09-06/2.after|/artifacts/ranking-release-2026-09-06/2.before|/blog/beginner-friendly-bjj-tannersville-evidence|/blog/beginner-friendly-bjj-tannersville-links|/blog/gi-bjj-windham-ny|/blog/jiu-jitsu-windham-ny,pass
https://senseisandy.com/blog/kids-martial-arts-haines-falls,local+self_sitemap,yes,yes,183,/artifacts/ranking-release-2026-09-06/2.after|/artifacts/ranking-release-2026-09-06/2.before|/artifacts/ranking-release-2026-09-06/4.after|/artifacts/ranking-release-2026-09-06/4.before|/beginner-friendly-bjj-tannersville-links|/bjj-classes/adults-tannersville-ny,pass
https://senseisandy.com/blog/kids-martial-arts-haines-falls-beginner-friendly-jiu-jitsu,local+self_sitemap,yes,yes,15,/bjj-classes/adults-tannersville-ny|/bjj-classes/kids-tannersville-ny|/blog/kids-martial-arts-haines-falls|/blog/tags/youth|/dist/bjj-classes/adults-tannersville-ny|/dist/bjj-classes/kids-tannersville-ny,pass
https://senseisandy.com/blog/kids-teens-bjj-belts-ranks-stripes-promotions,local+self_sitemap,yes,yes,15,/blog/bjj-belts-stripes-promotions|/blog/bjj-black-belt-degree-time|/blog/bjj-promotions-how-often|/blog/tags/youth|/blog/teen-jiu-jitsu-hunter-ny|/dist/blog/bjj-belts-stripes-promotions,pass
https://senseisandy.com/blog/kinetic-chess-onteora-park,local+self_sitemap,yes,yes,18,/blog|/blog/bio-switch-nervous-system|/blog/bioginastica-movement-no-gi|/blog/bjj-36-techniques|/blog/gain-points-system|/blog/neck-cranks-bjj-longevity-guide,pass
https://senseisandy.com/blog/martial-arts-windham-ny-why-families-pick-jiu-jitsu,local+self_sitemap,yes,yes,14,/artifacts/ranking-release-2026-09-06/2.after|/artifacts/ranking-release-2026-09-06/2.before|/bjj-classes/adults-tannersville-ny|/bjj-classes/kids-tannersville-ny|/blog/jiu-jitsu-windham-ny|/dist/bjj-classes/adults-tannersville-ny,pass
https://senseisandy.com/blog/neck-cranks-bjj-longevity-guide,local+self_sitemap,yes,yes,19,/blog/bio-switch-nervous-system|/blog/bioginastica-movement-no-gi|/blog/bjj-36-techniques|/blog/gain-points-system|/blog/kinetic-chess-onteora-park|/blog/tags/adult-bjj,pass
https://senseisandy.com/blog/no-gi-windham-ny,local+self_sitemap,yes,yes,6,/blog/gi-bjj-windham-ny|/blog/tags/adult-bjj|/dist/blog/gi-bjj-windham-ny|/dist/blog/tags/adult-bjj|/src/blog/gi-bjj-windham-ny|/src/blog/tags/adult-bjj,pass
https://senseisandy.com/blog/onteora-park-summer-activities-catskills,local+self_sitemap,yes,no,0,,fail
https://senseisandy.com/blog/private-jiu-jitsu-lessons-windham-ny,local+self_sitemap,yes,yes,4,/blog|/blog/no-gi-windham-ny|/dist/blog/no-gi-windham-ny|/src/blog/no-gi-windham-ny,pass
https://senseisandy.com/blog/sanda-vs-jiu-jitsu,local+self_sitemap,yes,yes,44,/blog/bio-ginastica-mobility|/blog/can-you-beat-sensei-without-a-black-belt|/blog/catskills-gym-alternative-jiu-jitsu|/blog/gi-vs-no-gi-bjj-cheat-code|/blog/how-to-fall-safely-bjj-breakfalls|/blog/onteora-park-summer-activities-catskills,pass
https://senseisandy.com/blog/sanda-vs-jiu-jitsu-for-mma,local+self_sitemap,yes,yes,12,/blog/catskills-gym-alternative-jiu-jitsu|/blog/gi-vs-no-gi-bjj-cheat-code|/blog/sanda-vs-jiu-jitsu|/blog/what-is-sanda-sanshou|/dist/blog/catskills-gym-alternative-jiu-jitsu|/dist/blog/gi-vs-no-gi-bjj-cheat-code,pass
https://senseisandy.com/blog/schedule-sensei,local+self_sitemap,yes,yes,13,/artifacts/ranking-release-2026-09-06/1.after|/artifacts/ranking-release-2026-09-06/1.before|/blog/can-you-beat-sensei-without-a-black-belt|/blog/schedule-sensei-reset-protocol|/blog/tags/adult-bjj|/dist/blog/can-you-beat-sensei-without-a-black-belt,pass
https://senseisandy.com/blog/schedule-sensei-reset-protocol,local+self_sitemap,yes,yes,9,/blog/after-school-jiu-jitsu-calm-routine-catskills|/blog/schedule-sensei|/blog/schedule-sensei-weekly-template|/dist/blog/after-school-jiu-jitsu-calm-routine-catskills|/dist/blog/schedule-sensei|/dist/blog/schedule-sensei-weekly-template,pass
https://senseisandy.com/blog/schedule-sensei-weekly-template,local+self_sitemap,yes,yes,70,/artifacts/ranking-release-2026-09-06/4.after|/artifacts/ranking-release-2026-09-06/4.before|/beginner-friendly-bjj-tannersville-links|/blog|/blog/after-school-jiu-jitsu|/blog/after-school-jiu-jitsu-calm-routine-catskills,pass
https://senseisandy.com/blog/seated-guard-basics,local+self_sitemap,yes,yes,18,/blog/bjj-promotions-how-often|/blog/gi-vs-no-gi-bjj-cheat-code|/blog/sanda-vs-jiu-jitsu|/blog/tags/adult-bjj|/blog/takedown-defense|/blog/wrestle-ups-scramble,pass
https://senseisandy.com/blog/sensei-mma-bjj,local+self_sitemap,yes,yes,11,/artifacts/ranking-release-2026-09-06/4.after|/artifacts/ranking-release-2026-09-06/4.before|/blog/bjj-sensei|/blog/sanda-vs-jiu-jitsu-for-mma|/blog/what-is-sanda-sanshou|/dist/blog/bjj-sensei,pass
https://senseisandy.com/blog/sensei-rules,local+self_sitemap,yes,yes,8,/artifacts/ranking-release-2026-09-06/4.after|/artifacts/ranking-release-2026-09-06/4.before|/blog/bjj-sensei|/blog/tags/youth|/dist/blog/bjj-sensei|/dist/blog/tags/youth,pass
https://senseisandy.com/blog/snow-day-protocol-bjj-home-dojo,local+self_sitemap,yes,yes,4,/blog|/blog/schedule-sensei-reset-protocol|/dist/blog/schedule-sensei-reset-protocol|/src/blog/schedule-sensei-reset-protocol,pass
https://senseisandy.com/blog/spring-fling-is-here,local+self_sitemap,yes,yes,1,/blog,pass
https://senseisandy.com/blog/tags/adult-bjj,local+self_sitemap,yes,yes,6,/blog/tags/starting-jiu-jitsu|/blog/tags/youth|/dist/blog/tags/starting-jiu-jitsu|/dist/blog/tags/youth|/src/blog/tags/starting-jiu-jitsu|/src/blog/tags/youth,pass
https://senseisandy.com/blog/tags/starting-jiu-jitsu,local+self_sitemap,yes,yes,7,/blog|/blog/tags/adult-bjj|/blog/tags/youth|/dist/blog/tags/adult-bjj|/dist/blog/tags/youth|/src/blog/tags/adult-bjj,pass
https://senseisandy.com/blog/tags/youth,local+self_sitemap,yes,yes,6,/blog/tags/adult-bjj|/blog/tags/starting-jiu-jitsu|/dist/blog/tags/adult-bjj|/dist/blog/tags/starting-jiu-jitsu|/src/blog/tags/adult-bjj|/src/blog/tags/starting-jiu-jitsu,pass
https://senseisandy.com/blog/takedown-defense,local+self_sitemap,yes,yes,9,/blog/seated-guard-basics|/blog/tags/adult-bjj|/blog/wrestle-ups-scramble|/dist/blog/seated-guard-basics|/dist/blog/tags/adult-bjj|/dist/blog/wrestle-ups-scramble,pass
https://senseisandy.com/blog/tannersville-bjj-tuesday,local+self_sitemap,yes,yes,13,/blog/beginners-guide-bjj-human-chess|/blog/bjj-beginners-over-40-catskills|/blog/cairo-ny-bjj-specialist|/blog/onteora-park-summer-activities-catskills|/blog/things-to-do-near-hunter-ny-private-bjj-coaching|/dist/blog/beginners-guide-bjj-human-chess,pass
https://senseisandy.com/blog/teen-jiu-jitsu-hunter-ny,local+self_sitemap,yes,yes,6,/blog/jiu-jitsu-near-hunter-mountain|/blog/kids-jiu-jitsu-windham-ny|/dist/blog/jiu-jitsu-near-hunter-mountain|/dist/blog/kids-jiu-jitsu-windham-ny|/src/blog/jiu-jitsu-near-hunter-mountain|/src/blog/kids-jiu-jitsu-windham-ny,pass
https://senseisandy.com/blog/things-to-do-near-hunter-ny-private-bjj-coaching,local+self_sitemap,yes,yes,21,/blog/beginners-guide-bjj-human-chess|/blog/bjj-beginners-over-40-catskills|/blog/cairo-ny-bjj-specialist|/blog/jiu-jitsu-near-hunter-mountain|/blog/jiu-jitsu-near-windham-mountain-club-ski-families|/blog/private-jiu-jitsu-lessons-windham-ny,pass
https://senseisandy.com/blog/water-before-training-how-much-when,local+self_sitemap,yes,yes,4,/blog|/blog/tags/starting-jiu-jitsu|/dist/blog/tags/starting-jiu-jitsu|/src/blog/tags/starting-jiu-jitsu,pass
https://senseisandy.com/blog/what-does-sensei-mean-in-bjj,local+self_sitemap,yes,yes,29,/artifacts/ranking-release-2026-09-06/4.after|/artifacts/ranking-release-2026-09-06/4.before|/blog/after-school-jiu-jitsu|/blog/after-school-jiu-jitsu-calm-routine-catskills|/blog/bjj-sensei|/blog/jiu-jitsu-near-windham-mountain-club,pass
https://senseisandy.com/blog/what-is-sanda-sanshou,local+self_sitemap,yes,yes,9,/blog/gi-vs-no-gi-bjj-cheat-code|/blog/sanda-vs-jiu-jitsu|/blog/sanda-vs-jiu-jitsu-for-mma|/dist/blog/gi-vs-no-gi-bjj-cheat-code|/dist/blog/sanda-vs-jiu-jitsu|/dist/blog/sanda-vs-jiu-jitsu-for-mma,pass
https://senseisandy.com/blog/wrestle-ups-scramble,local+self_sitemap,yes,yes,22,/blog/bio-switch-nervous-system|/blog/bioginastica-movement-no-gi|/blog/gain-points-system|/blog/how-to-fall-safely-bjj-breakfalls|/blog/kinetic-chess-onteora-park|/blog/neck-cranks-bjj-longevity-guide,pass
https://senseisandy.com/bring-a-friend,local+self_sitemap,yes,yes,6,/blog|/dist/law-enforcement-bjj|/dist/student-hub|/src/law-enforcement-bjj|/src/student-hub|/student-hub,pass
https://senseisandy.com/browser-harness/src/browser_harness/video-template,sitemap,no,no,0,,fail
https://senseisandy.com/bully-proof-jiu-jitsu-tannersville-ny,local_self_canonical,yes,yes,744,/|/admin/youth-intro|/after-booking-promise|/after-school|/annual-track|/archive/6weekgrandslam,pass
https://senseisandy.com/camp-clinics,local+self_sitemap,yes,yes,6,/blog|/community-partners|/dist|/dist/community-partners|/src|/src/community-partners,pass
https://senseisandy.com/catskills-home-base,local+self_sitemap,yes,yes,3,/dist/options-pricing|/options-pricing|/src/options-pricing,pass
https://senseisandy.com/class-rules,local+self_sitemap,yes,yes,5,/birthday-parties|/core-culture-parent-guide|/inclusion|/jiu-jitsu-safety-tannersville-ny|/parent-resources,pass
https://senseisandy.com/community-partners,local+self_sitemap,yes,yes,739,/|/admin/youth-intro|/after-booking-promise|/after-school|/annual-track|/archive/6weekgrandslam,pass
https://senseisandy.com/contact,local+self_sitemap,yes,yes,762,/|/admin/youth-intro|/after-booking-promise|/after-school|/annual-track|/archive/6weekgrandslam,pass
https://senseisandy.com/core-culture-parent-guide,local+self_sitemap,yes,yes,392,/|/admin/youth-intro|/after-booking-promise|/after-school|/annual-track|/archive/6weekgrandslam,pass
https://senseisandy.com/deer-mountain-inn,local+self_sitemap,yes,yes,1,/,pass
https://senseisandy.com/elite-concierge,local+self_sitemap,yes,yes,4,/blog|/dist/options-pricing|/options-pricing|/src/options-pricing,pass
https://senseisandy.com/free-beginner-jiu-jitsu-intro-kids-teens-tannersville-ny,local+self_sitemap,yes,yes,76,/|/after-school|/bjj-classes/acra-ny|/bjj-classes/ashland-ny|/bjj-classes/boiceville-ny|/bjj-classes/coxsackie-ny,pass
https://senseisandy.com/free-bjj-intro-tannersville-ny,local+self_sitemap,yes,yes,1072,/|/admin/youth-intro|/after-booking-promise|/after-school|/annual-track|/archive/6weekgrandslam,pass
https://senseisandy.com/friday-night-fanatics,local+self_sitemap,yes,yes,6,/blog|/dist|/dist/parent-resources|/parent-resources|/src|/src/parent-resources,pass
https://senseisandy.com/guarantee-terms,local+self_sitemap,yes,yes,7,/archive/retired-pages/teen-jiu-jitsu-tannersville-ny|/back-to-school-bjj-tannersville|/bjj-classes/adults-tannersville-ny|/dist/bjj-faqs|/dist/options-pricing|/src/bjj-faqs,pass
https://senseisandy.com/holiday-schedule,local+self_sitemap,yes,yes,737,/|/admin/youth-intro|/after-booking-promise|/after-school|/annual-track|/archive/6weekgrandslam,pass
https://senseisandy.com/how-class-works,local+self_sitemap,yes,yes,773,/|/admin/youth-intro|/after-booking-promise|/after-school|/annual-track|/archive/6weekgrandslam,pass
https://senseisandy.com/inclusion,local+self_sitemap,yes,yes,2,/class-rules|/jiu-jitsu-safety-tannersville-ny,pass
https://senseisandy.com/instagram,local+self_sitemap,yes,yes,1,/,pass
https://senseisandy.com/jiu-jitsu-safety-tannersville-ny,local+self_sitemap,yes,yes,737,/|/admin/youth-intro|/after-booking-promise|/after-school|/annual-track|/archive/6weekgrandslam,pass
https://senseisandy.com/law-enforcement-bjj,local+self_sitemap,yes,yes,17,/bjj-classes/adults-tannersville-ny|/dist/programs|/dist/research/law-enforcement-bjj-evidence|/dist/research/marietta-police-bjj-case-summary|/dist/sources|/dist/sources/marietta-police-bjj,pass
https://senseisandy.com/members/holiday-routine,local+self_sitemap,yes,yes,3,/|/dist/student-hub|/src/student-hub,pass
https://senseisandy.com/members/winter-training-plan,local+self_sitemap,yes,yes,3,/|/dist/student-hub|/src/student-hub,pass
https://senseisandy.com/nearby-towns,local_self_canonical,yes,yes,803,/|/admin/youth-intro|/after-booking-promise|/after-school|/annual-track|/archive/6weekgrandslam,pass
https://senseisandy.com/nervous-first-timers,local+self_sitemap,yes,yes,2,/bjj-classes/adults-tannersville-ny|/blog,pass
https://senseisandy.com/options-pricing,local+self_sitemap,yes,yes,830,/|/admin/youth-intro|/after-booking-promise|/after-school|/annual-track|/archive/6weekgrandslam,pass
https://senseisandy.com/parent-resources,local+self_sitemap,yes,yes,747,/|/admin/youth-intro|/after-booking-promise|/after-school|/annual-track|/archive/6weekgrandslam,pass
https://senseisandy.com/partners-hospitality-hunter-windham,local+self_sitemap,yes,yes,739,/|/admin/youth-intro|/after-booking-promise|/after-school|/annual-track|/archive/6weekgrandslam,pass
https://senseisandy.com/partners-wellness-pt-referrals,local+self_sitemap,yes,yes,737,/|/admin/youth-intro|/after-booking-promise|/after-school|/annual-track|/archive/6weekgrandslam,pass
https://senseisandy.com/phoenicia-diner,local+self_sitemap,yes,yes,1,/,pass
https://senseisandy.com/private-lessons,local_self_canonical,yes,yes,807,/|/admin/youth-intro|/after-booking-promise|/after-school|/annual-track|/archive/6weekgrandslam,pass
https://senseisandy.com/programs,local_self_canonical,yes,yes,83,/bio|/bjj-classes/acra-ny|/bjj-classes/ashland-ny|/bjj-classes/boiceville-ny|/bjj-classes/coxsackie-ny|/bjj-classes/durham-ny,pass
https://senseisandy.com/report-card,local+self_sitemap,yes,yes,23,/core-culture-parent-guide|/dist|/dist/blog/bjj-belts-stripes-promotions|/dist/blog/gain-points-system|/dist/how-class-works|/dist/options-pricing,pass
https://senseisandy.com/research/law-enforcement-bjj-evidence,local+self_sitemap,yes,yes,7,/blog|/dist/law-enforcement-bjj|/dist/research/marietta-police-bjj-case-summary|/law-enforcement-bjj|/research/marietta-police-bjj-case-summary|/src/law-enforcement-bjj,pass
https://senseisandy.com/research/marietta-police-bjj-case-summary,local+self_sitemap,yes,yes,6,/dist/law-enforcement-bjj|/dist/research/law-enforcement-bjj-evidence|/law-enforcement-bjj|/research/law-enforcement-bjj-evidence|/src/law-enforcement-bjj|/src/research/law-enforcement-bjj-evidence,pass
https://senseisandy.com/rural-bjj-catskills,local+self_sitemap,yes,yes,1,/,pass
https://senseisandy.com/samurai-break,local+self_sitemap,yes,yes,2,/blog|/blog/how-to-fall-safely-bjj-breakfalls,pass
https://senseisandy.com/schedule,local+self_sitemap,yes,yes,1046,/|/admin/youth-intro|/after-booking-promise|/after-school|/annual-track|/archive/6weekgrandslam,pass
https://senseisandy.com/school-families-jiu-jitsu,local+self_sitemap,yes,yes,2,/blog|/community-partners,pass
https://senseisandy.com/scribners,local+self_sitemap,yes,yes,15,/bjj-classes/adults-tannersville-ny|/community-partners|/dist/community-partners|/dist/instagram|/dist/private-lessons|/dist/scribners,pass
https://senseisandy.com/scribners-jiu-jitsu,local+self_sitemap,yes,yes,4,/blog|/dist/private-lessons|/private-lessons|/src/private-lessons,pass
https://senseisandy.com/scribners-staff-reset-pass,local_self_canonical,yes,yes,1,/,pass
https://senseisandy.com/scribners-thank-you,local_self_canonical,yes,yes,3,/|/dist/scribners|/src/scribners,pass
https://senseisandy.com/sensei-jiu-jitsu,local+self_sitemap,yes,yes,744,/|/admin/youth-intro|/after-booking-promise|/after-school|/annual-track|/archive/6weekgrandslam,pass
https://senseisandy.com/sensei-studio,local+self_sitemap,yes,yes,741,/|/admin/youth-intro|/after-booking-promise|/after-school|/annual-track|/archive/6weekgrandslam,pass
https://senseisandy.com/show-up-kit,local+self_sitemap,yes,yes,810,/|/admin/youth-intro|/after-booking-promise|/after-school|/annual-track|/archive/6weekgrandslam,pass
https://senseisandy.com/sources,local+self_sitemap,yes,yes,15,/dist/sources/cdc-physical-activity|/dist/sources/gracie-academy|/dist/sources/kenny-florian|/dist/sources/kodokan-etiquette|/dist/sources/marietta-police-bjj|/sources/cdc-physical-activity,pass
https://senseisandy.com/sources/cdc-physical-activity,local+self_sitemap,yes,yes,6,/dist/partials/evidence-accordion-adults|/dist/sources|/partials/evidence-accordion-adults|/sources|/src/partials/evidence-accordion-adults|/src/sources,pass
https://senseisandy.com/sources/clockwork-bjj-instructors,local+self_sitemap,yes,yes,5,/artifacts/ranking-release-2026-09-06/3.after|/artifacts/ranking-release-2026-09-06/3.before|/dist/sensei-jiu-jitsu|/sensei-jiu-jitsu|/src/sensei-jiu-jitsu,pass
https://senseisandy.com/sources/gracie-academy,local+self_sitemap,yes,yes,14,/artifacts/ranking-release-2026-09-06/3.after|/artifacts/ranking-release-2026-09-06/3.before|/blog/bjj-36-techniques|/blog/spring-fling-is-here|/dist/blog/bjj-36-techniques|/dist/blog/spring-fling-is-here,pass
https://senseisandy.com/sources/kenny-florian,local+self_sitemap,yes,yes,8,/artifacts/ranking-release-2026-09-06/3.after|/artifacts/ranking-release-2026-09-06/3.before|/dist/sensei-jiu-jitsu|/dist/sources|/sensei-jiu-jitsu|/sources,pass
https://senseisandy.com/sources/kodokan-etiquette,local+self_sitemap,yes,yes,6,/blog/kids-teens-bjj-belts-ranks-stripes-promotions|/blog/what-does-sensei-mean-in-bjj|/dist/blog/kids-teens-bjj-belts-ranks-stripes-promotions|/dist/blog/what-does-sensei-mean-in-bjj|/src/blog/kids-teens-bjj-belts-ranks-stripes-promotions|/src/blog/what-does-sensei-mean-in-bjj,pass
https://senseisandy.com/sources/marietta-police-bjj,local+self_sitemap,yes,yes,10,/dist/partials/evidence-accordion-leo|/dist/research/marietta-police-bjj-case-summary|/dist/sources|/partials/evidence-accordion-leo|/research/marietta-police-bjj-case-summary|/sources,pass
https://senseisandy.com/src,sitemap,yes,no,0,,fail
https://senseisandy.com/src/.venv/lib/python3.12/site-packages/headroom/dashboard/templates/dashboard,sitemap,no,no,0,,fail
https://senseisandy.com/src/.venv/lib/python3.12/site-packages/litellm/proxy/_experimental/out,sitemap,no,no,0,,fail
https://senseisandy.com/src/.venv/lib/python3.12/site-packages/litellm/proxy/_experimental/out/api-reference,sitemap,no,no,0,,fail
https://senseisandy.com/src/.venv/lib/python3.12/site-packages/litellm/proxy/_experimental/out/chat,sitemap,no,no,0,,fail
https://senseisandy.com/src/.venv/lib/python3.12/site-packages/litellm/proxy/_experimental/out/experimental/api-playground,sitemap,no,no,0,,fail
https://senseisandy.com/src/.venv/lib/python3.12/site-packages/litellm/proxy/_experimental/out/experimental/budgets,sitemap,no,no,0,,fail
https://senseisandy.com/src/.venv/lib/python3.12/site-packages/litellm/proxy/_experimental/out/experimental/caching,sitemap,no,no,0,,fail
https://senseisandy.com/src/.venv/lib/python3.12/site-packages/litellm/proxy/_experimental/out/experimental/claude-code-plugins,sitemap,no,no,0,,fail
https://senseisandy.com/src/.venv/lib/python3.12/site-packages/litellm/proxy/_experimental/out/experimental/old-usage,sitemap,no,no,0,,fail
https://senseisandy.com/src/.venv/lib/python3.12/site-packages/litellm/proxy/_experimental/out/experimental/prompts,sitemap,no,no,0,,fail
https://senseisandy.com/src/.venv/lib/python3.12/site-packages/litellm/proxy/_experimental/out/experimental/tag-management,sitemap,no,no,0,,fail
https://senseisandy.com/src/.venv/lib/python3.12/site-packages/litellm/proxy/_experimental/out/guardrails,sitemap,no,no,0,,fail
https://senseisandy.com/src/.venv/lib/python3.12/site-packages/litellm/proxy/_experimental/out/login,sitemap,no,no,0,,fail
https://senseisandy.com/src/.venv/lib/python3.12/site-packages/litellm/proxy/_experimental/out/logs,sitemap,no,no,0,,fail
https://senseisandy.com/src/.venv/lib/python3.12/site-packages/litellm/proxy/_experimental/out/mcp/oauth/callback,sitemap,no,no,0,,fail
https://senseisandy.com/src/.venv/lib/python3.12/site-packages/litellm/proxy/_experimental/out/model-hub,sitemap,no,no,0,,fail
https://senseisandy.com/src/.venv/lib/python3.12/site-packages/litellm/proxy/_experimental/out/model_hub,sitemap,no,no,0,,fail
https://senseisandy.com/src/.venv/lib/python3.12/site-packages/litellm/proxy/_experimental/out/model_hub_table,sitemap,no,no,0,,fail
https://senseisandy.com/src/.venv/lib/python3.12/site-packages/litellm/proxy/_experimental/out/models-and-endpoints,sitemap,no,no,0,,fail
https://senseisandy.com/src/.venv/lib/python3.12/site-packages/litellm/proxy/_experimental/out/onboarding,sitemap,no,no,0,,fail
https://senseisandy.com/src/.venv/lib/python3.12/site-packages/litellm/proxy/_experimental/out/organizations,sitemap,no,no,0,,fail
https://senseisandy.com/src/.venv/lib/python3.12/site-packages/litellm/proxy/_experimental/out/playground,sitemap,no,no,0,,fail
https://senseisandy.com/src/.venv/lib/python3.12/site-packages/litellm/proxy/_experimental/out/policies,sitemap,no,no,0,,fail
https://senseisandy.com/src/.venv/lib/python3.12/site-packages/litellm/proxy/_experimental/out/settings/admin-settings,sitemap,no,no,0,,fail
https://senseisandy.com/src/.venv/lib/python3.12/site-packages/litellm/proxy/_experimental/out/settings/logging-and-alerts,sitemap,no,no,0,,fail
https://senseisandy.com/src/.venv/lib/python3.12/site-packages/litellm/proxy/_experimental/out/settings/router-settings,sitemap,no,no,0,,fail
https://senseisandy.com/src/.venv/lib/python3.12/site-packages/litellm/proxy/_experimental/out/settings/ui-theme,sitemap,no,no,0,,fail
https://senseisandy.com/src/.venv/lib/python3.12/site-packages/litellm/proxy/_experimental/out/teams,sitemap,no,no,0,,fail
https://senseisandy.com/src/.venv/lib/python3.12/site-packages/litellm/proxy/_experimental/out/test-key,sitemap,no,no,0,,fail
https://senseisandy.com/src/.venv/lib/python3.12/site-packages/litellm/proxy/_experimental/out/usage,sitemap,no,no,0,,fail
https://senseisandy.com/src/.venv/lib/python3.12/site-packages/litellm/proxy/_experimental/out/users,sitemap,no,no,0,,fail
https://senseisandy.com/src/.venv/lib/python3.12/site-packages/litellm/proxy/_experimental/out/virtual-keys,sitemap,no,no,0,,fail
https://senseisandy.com/src/.venv/lib/python3.12/site-packages/setuptools/tests/indexes/test_links_priority/external,sitemap,no,no,0,,fail
https://senseisandy.com/src/.venv/lib/python3.12/site-packages/setuptools/tests/indexes/test_links_priority/simple/foobar,sitemap,no,no,0,,fail
https://senseisandy.com/src/.venv/lib/python3.12/site-packages/torch/utils/model_dump/skeleton,sitemap,no,no,0,,fail
https://senseisandy.com/src/athlete-cross-training,sitemap,yes,no,0,,fail
https://senseisandy.com/src/athlete-cross-training/evidence,sitemap,yes,no,0,,fail
https://senseisandy.com/src/beginner-friendly-bjj-tannersville-links,sitemap,yes,no,0,,fail
https://senseisandy.com/src/bio,sitemap,yes,no,0,,fail
https://senseisandy.com/src/birthday-parties,sitemap,yes,no,0,,fail
https://senseisandy.com/src/bjj-anatomy-quiz,sitemap,yes,no,0,,fail
https://senseisandy.com/src/bjj-classes,sitemap,yes,no,0,,fail
https://senseisandy.com/src/bjj-classes/acra-ny,sitemap,yes,no,0,,fail
https://senseisandy.com/src/bjj-classes/adults-tannersville-ny,sitemap,yes,no,0,,fail
https://senseisandy.com/src/bjj-classes/ashland-ny,sitemap,yes,no,0,,fail
https://senseisandy.com/src/bjj-classes/boiceville-ny,sitemap,yes,no,0,,fail
https://senseisandy.com/src/bjj-classes/cairo-ny,sitemap,yes,no,0,,fail
https://senseisandy.com/src/bjj-classes/catskill-ny,sitemap,yes,no,0,,fail
https://senseisandy.com/src/bjj-classes/coxsackie-ny,sitemap,yes,no,0,,fail
https://senseisandy.com/src/bjj-classes/durham-ny,sitemap,yes,no,0,,fail
https://senseisandy.com/src/bjj-classes/elka-park-ny,sitemap,yes,no,0,,fail
https://senseisandy.com/src/bjj-classes/gilboa-ny,sitemap,yes,no,0,,fail
https://senseisandy.com/src/bjj-classes/grand-gorge-ny,sitemap,yes,no,0,,fail
https://senseisandy.com/src/bjj-classes/greenville-ny,sitemap,yes,no,0,,fail
https://senseisandy.com/src/bjj-classes/haines-falls-ny,sitemap,yes,no,0,,fail
https://senseisandy.com/src/bjj-classes/hunter-ny,sitemap,yes,no,0,,fail
https://senseisandy.com/src/bjj-classes/kids-tannersville-ny,sitemap,yes,no,0,,fail
https://senseisandy.com/src/bjj-classes/lanesville-ny,sitemap,yes,no,0,,fail
https://senseisandy.com/src/bjj-classes/leeds-ny,sitemap,yes,no,0,,fail
https://senseisandy.com/src/bjj-classes/lexington-ny,sitemap,yes,no,0,,fail
https://senseisandy.com/src/bjj-classes/maplecrest-ny,sitemap,yes,no,0,,fail
https://senseisandy.com/src/bjj-classes/olive-ny,sitemap,yes,no,0,,fail
https://senseisandy.com/src/bjj-classes/palenville-ny,sitemap,yes,no,0,,fail
https://senseisandy.com/src/bjj-classes/prattsville-ny,sitemap,yes,no,0,,fail
https://senseisandy.com/src/bjj-classes/purling-ny,sitemap,yes,no,0,,fail
https://senseisandy.com/src/bjj-classes/round-top-ny,sitemap,yes,no,0,,fail
https://senseisandy.com/src/bjj-classes/roxbury-ny,sitemap,yes,no,0,,fail
https://senseisandy.com/src/bjj-classes/saugerties-ny,sitemap,yes,no,0,,fail
https://senseisandy.com/src/bjj-classes/schoharie-ny,sitemap,yes,no,0,,fail
https://senseisandy.com/src/bjj-classes/shandaken-ny,sitemap,yes,no,0,,fail
https://senseisandy.com/src/bjj-classes/shokan-ny,sitemap,yes,no,0,,fail
https://senseisandy.com/src/bjj-classes/stamford-ny,sitemap,yes,no,0,,fail
https://senseisandy.com/src/bjj-classes/tannersville-ny,sitemap,yes,no,0,,fail
https://senseisandy.com/src/bjj-classes/teens-tannersville-ny,sitemap,yes,no,0,,fail
https://senseisandy.com/src/bjj-classes/windham-ny,sitemap,yes,no,0,,fail
https://senseisandy.com/src/bjj-classes/woodstock-ny,sitemap,yes,no,0,,fail
https://senseisandy.com/src/bjj-faqs,sitemap,yes,no,0,,fail
https://senseisandy.com/src/bjj-glossary/bottom-position,sitemap,yes,no,0,,fail
https://senseisandy.com/src/bjj-glossary/choke,sitemap,yes,no,0,,fail
https://senseisandy.com/src/bjj-glossary/drilling,sitemap,yes,no,0,,fail
https://senseisandy.com/src/bjj-glossary/frames,sitemap,yes,no,0,,fail
https://senseisandy.com/src/bjj-glossary/front-headlock-escape,sitemap,yes,no,0,,fail
https://senseisandy.com/src/bjj-glossary/front-headlock-series,sitemap,yes,no,0,,fail
https://senseisandy.com/src/bjj-glossary/open-mat,sitemap,yes,no,0,,fail
https://senseisandy.com/src/bjj-glossary/position,sitemap,yes,no,0,,fail
https://senseisandy.com/src/bjj-glossary/roll,sitemap,yes,no,0,,fail
https://senseisandy.com/src/bjj-glossary/snap-down-defense,sitemap,yes,no,0,,fail
https://senseisandy.com/src/bjj-glossary/sweep-single,sitemap,yes,no,0,,fail
https://senseisandy.com/src/bjj-stretches,sitemap,yes,no,0,,fail
https://senseisandy.com/src/bjj-tannersville-ny-directions,sitemap,yes,no,0,,fail
https://senseisandy.com/src/bjj_anatomy_game,sitemap,yes,no,0,,fail
https://senseisandy.com/src/black-belt-concierge,sitemap,yes,no,0,,fail
https://senseisandy.com/src/blog,sitemap,yes,no,0,,fail
https://senseisandy.com/src/blog/after-school-jiu-jitsu,sitemap,yes,no,0,,fail
https://senseisandy.com/src/blog/after-school-jiu-jitsu-calm-routine-catskills,sitemap,yes,no,0,,fail
https://senseisandy.com/src/blog/beginner-friendly-bjj-tannersville-evidence,sitemap,yes,no,0,,fail
https://senseisandy.com/src/blog/beginner-friendly-bjj-tannersville-links,sitemap,yes,no,0,,fail
https://senseisandy.com/src/blog/beginners-guide-bjj-human-chess,sitemap,yes,no,0,,fail
https://senseisandy.com/src/blog/bio-switch-nervous-system,sitemap,yes,no,0,,fail
https://senseisandy.com/src/blog/bioginastica-movement-no-gi,sitemap,yes,no,0,,fail
https://senseisandy.com/src/blog/bjj-36-techniques,sitemap,yes,no,0,,fail
https://senseisandy.com/src/blog/bjj-beginners-over-40-catskills,sitemap,yes,no,0,,fail
https://senseisandy.com/src/blog/bjj-belts-stripes-promotions,sitemap,yes,no,0,,fail
https://senseisandy.com/src/blog/bjj-black-belt-degree-time,sitemap,yes,no,0,,fail
https://senseisandy.com/src/blog/bjj-promotions-how-often,sitemap,yes,no,0,,fail
https://senseisandy.com/src/blog/bjj-schedule-windham-ny,sitemap,yes,no,0,,fail
https://senseisandy.com/src/blog/bjj-sensei,sitemap,yes,no,0,,fail
https://senseisandy.com/src/blog/cairo-ny-bjj-specialist,sitemap,yes,no,0,,fail
https://senseisandy.com/src/blog/can-you-beat-sensei-without-a-black-belt,sitemap,yes,no,0,,fail
https://senseisandy.com/src/blog/catskills-gym-alternative-jiu-jitsu,sitemap,yes,no,0,,fail
https://senseisandy.com/src/blog/exactly-what-happens-first-bjj-class-minute-by-minute,sitemap,yes,no,0,,fail
https://senseisandy.com/src/blog/gain-points-system,sitemap,yes,no,0,,fail
https://senseisandy.com/src/blog/gi-bjj-windham-ny,sitemap,yes,no,0,,fail
https://senseisandy.com/src/blog/gi-vs-no-gi-bjj-cheat-code,sitemap,yes,no,0,,fail
https://senseisandy.com/src/blog/growth-over-gold-bjj-mindset,sitemap,yes,no,0,,fail
https://senseisandy.com/src/blog/how-to-fall-safely-bjj-breakfalls,sitemap,yes,no,0,,fail
https://senseisandy.com/src/blog/hunter-elementary-tuesday-drop-off-bjj,sitemap,yes,no,0,,fail
https://senseisandy.com/src/blog/jiu-jitsu-near-hunter-mountain,sitemap,yes,no,0,,fail
https://senseisandy.com/src/blog/jiu-jitsu-near-windham-mountain-club,sitemap,yes,no,0,,fail
https://senseisandy.com/src/blog/jiu-jitsu-near-windham-mountain-club-ski-families,sitemap,yes,no,0,,fail
https://senseisandy.com/src/blog/jiu-jitsu-windham-ny,sitemap,yes,no,0,,fail
https://senseisandy.com/src/blog/kids-jiu-jitsu-windham-ny,sitemap,yes,no,0,,fail
https://senseisandy.com/src/blog/kids-martial-arts-haines-falls,sitemap,yes,no,0,,fail
https://senseisandy.com/src/blog/kids-martial-arts-haines-falls-beginner-friendly-jiu-jitsu,sitemap,yes,no,0,,fail
https://senseisandy.com/src/blog/kids-teens-bjj-belts-ranks-stripes-promotions,sitemap,yes,no,0,,fail
https://senseisandy.com/src/blog/kinetic-chess-onteora-park,sitemap,yes,no,0,,fail
https://senseisandy.com/src/blog/martial-arts-windham-ny-why-families-pick-jiu-jitsu,sitemap,yes,no,0,,fail
https://senseisandy.com/src/blog/neck-cranks-bjj-longevity-guide,sitemap,yes,no,0,,fail
https://senseisandy.com/src/blog/no-gi-windham-ny,sitemap,yes,no,0,,fail
https://senseisandy.com/src/blog/private-jiu-jitsu-lessons-windham-ny,sitemap,yes,no,0,,fail
https://senseisandy.com/src/blog/sanda-vs-jiu-jitsu,sitemap,yes,no,0,,fail
https://senseisandy.com/src/blog/sanda-vs-jiu-jitsu-for-mma,sitemap,yes,no,0,,fail
https://senseisandy.com/src/blog/schedule-sensei,sitemap,yes,no,0,,fail
https://senseisandy.com/src/blog/schedule-sensei-reset-protocol,sitemap,yes,no,0,,fail
https://senseisandy.com/src/blog/schedule-sensei-weekly-template,sitemap,yes,no,0,,fail
https://senseisandy.com/src/blog/seated-guard-basics,sitemap,yes,no,0,,fail
https://senseisandy.com/src/blog/sensei-mma-bjj,sitemap,yes,no,0,,fail
https://senseisandy.com/src/blog/sensei-rules,sitemap,yes,no,0,,fail
https://senseisandy.com/src/blog/snow-day-protocol-bjj-home-dojo,sitemap,yes,no,0,,fail
https://senseisandy.com/src/blog/spring-fling-is-here,sitemap,yes,no,0,,fail
https://senseisandy.com/src/blog/tags/adult-bjj,sitemap,yes,no,0,,fail
https://senseisandy.com/src/blog/tags/starting-jiu-jitsu,sitemap,yes,no,0,,fail
https://senseisandy.com/src/blog/tags/youth,sitemap,yes,no,0,,fail
https://senseisandy.com/src/blog/takedown-defense,sitemap,yes,no,0,,fail
https://senseisandy.com/src/blog/tannersville-bjj-tuesday,sitemap,yes,no,0,,fail
https://senseisandy.com/src/blog/teen-jiu-jitsu-hunter-ny,sitemap,yes,no,0,,fail
https://senseisandy.com/src/blog/things-to-do-near-hunter-ny-private-bjj-coaching,sitemap,yes,no,0,,fail
https://senseisandy.com/src/blog/water-before-training-how-much-when,sitemap,yes,no,0,,fail
https://senseisandy.com/src/blog/what-does-sensei-mean-in-bjj,sitemap,yes,no,0,,fail
https://senseisandy.com/src/blog/what-is-sanda-sanshou,sitemap,yes,no,0,,fail
https://senseisandy.com/src/blog/wrestle-ups-scramble,sitemap,yes,no,0,,fail
https://senseisandy.com/src/bottom-position,sitemap,yes,no,0,,fail
https://senseisandy.com/src/bring-a-friend,sitemap,yes,no,0,,fail
https://senseisandy.com/src/bully-proof-jiu-jitsu-tannersville-ny,sitemap,yes,no,0,,fail
https://senseisandy.com/src/camp-clinics,sitemap,yes,no,0,,fail
https://senseisandy.com/src/catskills-home-base,sitemap,yes,no,0,,fail
https://senseisandy.com/src/choke,sitemap,yes,no,0,,fail
https://senseisandy.com/src/community-partners,sitemap,yes,no,0,,fail
https://senseisandy.com/src/contact,sitemap,yes,no,0,,fail
https://senseisandy.com/src/drilling,sitemap,yes,no,0,,fail
https://senseisandy.com/src/elite-concierge,sitemap,yes,no,0,,fail
https://senseisandy.com/src/evidence,sitemap,yes,no,0,,fail
https://senseisandy.com/src/frames,sitemap,yes,no,0,,fail
https://senseisandy.com/src/free-beginner-jiu-jitsu-intro-kids-teens-tannersville-ny,sitemap,yes,no,0,,fail
https://senseisandy.com/src/free-bjj-intro-tannersville-ny,sitemap,yes,no,0,,fail
https://senseisandy.com/src/free-bjj-intro-tannersville-ny/adults,sitemap,yes,no,0,,fail
https://senseisandy.com/src/free-bjj-intro-tannersville-ny/kids,sitemap,yes,no,0,,fail
https://senseisandy.com/src/free-bjj-intro-tannersville-ny/teens,sitemap,yes,no,0,,fail
https://senseisandy.com/src/friday-night-fanatics,sitemap,yes,no,0,,fail
https://senseisandy.com/src/front-headlock-escape,sitemap,yes,no,0,,fail
https://senseisandy.com/src/front-headlock-series,sitemap,yes,no,0,,fail
https://senseisandy.com/src/guarantee-terms,sitemap,yes,no,0,,fail
https://senseisandy.com/src/holiday-schedule,sitemap,yes,no,0,,fail
https://senseisandy.com/src/how-class-works,sitemap,yes,no,0,,fail
https://senseisandy.com/src/inclusion,sitemap,yes,no,0,,fail
https://senseisandy.com/src/instagram,sitemap,yes,no,0,,fail
https://senseisandy.com/src/law-enforcement-bjj,sitemap,yes,no,0,,fail
https://senseisandy.com/src/local-bjj-tournaments-for-parents,sitemap,yes,no,0,,fail
https://senseisandy.com/src/members/holiday-routine,sitemap,yes,no,0,,fail
https://senseisandy.com/src/members/winter-training-plan,sitemap,yes,no,0,,fail
https://senseisandy.com/src/near/cairo-ny,sitemap,no,no,0,,fail
https://senseisandy.com/src/near/catskill-ny,sitemap,no,no,0,,fail
https://senseisandy.com/src/near/haines-falls-ny,sitemap,no,no,0,,fail
https://senseisandy.com/src/near/hunter-ny,sitemap,no,no,0,,fail
https://senseisandy.com/src/near/palenville-ny,sitemap,no,no,0,,fail
https://senseisandy.com/src/near/template,sitemap,no,no,0,,fail
https://senseisandy.com/src/near/windham-ny,sitemap,no,no,0,,fail
https://senseisandy.com/src/nearby-towns,sitemap,yes,no,0,,fail
https://senseisandy.com/src/open-mat,sitemap,yes,no,0,,fail
https://senseisandy.com/src/options-pricing,sitemap,yes,no,0,,fail
https://senseisandy.com/src/parent-resources,sitemap,yes,no,0,,fail
https://senseisandy.com/src/partners-hospitality-hunter-windham,sitemap,yes,no,0,,fail
https://senseisandy.com/src/partners-wellness-pt-referrals,sitemap,yes,no,0,,fail
https://senseisandy.com/src/position,sitemap,yes,no,0,,fail
https://senseisandy.com/src/private-lessons,sitemap,yes,no,0,,fail
https://senseisandy.com/src/programs,sitemap,yes,no,0,,fail
https://senseisandy.com/src/report-card,sitemap,yes,no,0,,fail
https://senseisandy.com/src/research/law-enforcement-bjj-evidence,sitemap,yes,no,0,,fail
https://senseisandy.com/src/research/marietta-police-bjj-case-summary,sitemap,yes,no,0,,fail
https://senseisandy.com/src/roll,sitemap,yes,no,0,,fail
https://senseisandy.com/src/rural-bjj-catskills,sitemap,yes,no,0,,fail
https://senseisandy.com/src/schedule,sitemap,yes,no,0,,fail
https://senseisandy.com/src/scribners,sitemap,yes,no,0,,fail
https://senseisandy.com/src/scribners-jiu-jitsu,sitemap,yes,no,0,,fail
https://senseisandy.com/src/scribners-thank-you,sitemap,yes,no,0,,fail
https://senseisandy.com/src/sensei-jiu-jitsu,sitemap,yes,no,0,,fail
https://senseisandy.com/src/sensei-studio,sitemap,yes,no,0,,fail
https://senseisandy.com/src/show-up-kit,sitemap,yes,no,0,,fail
https://senseisandy.com/src/snap-down-defense,sitemap,yes,no,0,,fail
https://senseisandy.com/src/snippets/webp-picture,sitemap,yes,no,0,,fail
https://senseisandy.com/src/sources,sitemap,yes,no,0,,fail
https://senseisandy.com/src/sources/cdc-physical-activity,sitemap,yes,no,0,,fail
https://senseisandy.com/src/sources/gracie-academy,sitemap,yes,no,0,,fail
https://senseisandy.com/src/sources/kenny-florian,sitemap,yes,no,0,,fail
https://senseisandy.com/src/sources/local/catskills-youth-theater-2026,sitemap,yes,no,0,,fail
https://senseisandy.com/src/sources/local/htc-soccer-2026,sitemap,yes,no,0,,fail
https://senseisandy.com/src/sources/local/hunter-mountain-2026-27,sitemap,yes,no,0,,fail
https://senseisandy.com/src/sources/local/studios-main-pilates,sitemap,yes,no,0,,fail
https://senseisandy.com/src/sources/marietta-police-bjj,sitemap,yes,no,0,,fail
https://senseisandy.com/src/sources/research/bjj-adult-fitness,sitemap,yes,no,0,,fail
https://senseisandy.com/src/sources/research/bjj-injury-2025,sitemap,yes,no,0,,fail
https://senseisandy.com/src/sources/research/bjj-school-rct,sitemap,yes,no,0,,fail
https://senseisandy.com/src/sources/research/open-skill-youth-meta-analysis,sitemap,yes,no,0,,fail
https://senseisandy.com/src/sources/research/youth-martial-arts-attention-rct,sitemap,yes,no,0,,fail
https://senseisandy.com/src/student-hub,sitemap,yes,no,0,,fail
https://senseisandy.com/src/success-stories,sitemap,yes,no,0,,fail
https://senseisandy.com/src/summer-academy,sitemap,yes,no,0,,fail
https://senseisandy.com/src/sweep-single,sitemap,yes,no,0,,fail
https://senseisandy.com/src/updates,sitemap,yes,no,0,,fail
https://senseisandy.com/src/waiver,sitemap,yes,no,0,,fail
https://senseisandy.com/src/weekly-audit,sitemap,yes,no,0,,fail
https://senseisandy.com/student-hub,local+self_sitemap,yes,yes,511,/after-school|/archive/retired-pages/teen-jiu-jitsu-tannersville-ny|/beginner-friendly-bjj-tannersville-links|/bjj-classes/adults-tannersville-ny|/bjj-glossary|/bjj-glossary/ankle-lock,pass
https://senseisandy.com/success-stories,local+self_sitemap,yes,yes,741,/|/admin/youth-intro|/after-booking-promise|/after-school|/annual-track|/archive/6weekgrandslam,pass
https://senseisandy.com/summer-academy,local+self_sitemap,yes,yes,3,/|/dist/programs|/src/programs,pass
https://senseisandy.com/waiver,local_self_canonical,yes,yes,19,/birthday-parties|/dist/birthday-parties|/dist/footer-include-no-proof|/dist/free-beginner-jiu-jitsu-intro-kids-teens-tannersville-ny|/dist/free-bjj-intro-tannersville-ny|/dist/show-up-kit,pass
