url,status,indexable,canonical,title,h1,town,page_type,target_intent,action
"/bjj-classes/adults-tannersville-ny","200","yes","https://senseisandy.com/bjj-classes/adults-tannersville-ny","Adult Jiu-Jitsu in Tannersville | Sensei Sandy BJJ","Sustainable Jiu-Jitsu for Adults","tannersville","local/support page","informational or supporting","REVIEW INTENT"
"/bjj-classes/haines-falls-ny","200","yes","https://senseisandy.com/bjj-classes/haines-falls-ny","Jiu-Jitsu Near Haines Falls, NY | Sensei Sandy BJJ","Haines Falls Jiu-Jitsu &amp; Kids Martial Arts","haines falls","local landing page","commercial local","KEEP"
"/bjj-classes/hunter-ny","200","yes","https://senseisandy.com/bjj-classes/hunter-ny","Martial Arts & BJJ Near Hunter, NY | Sensei Sandy BJJ","Martial Arts &amp; Jiu-Jitsu Near Hunter, NY","hunter","local landing page","commercial local","KEEP"
"/bjj-classes/kids-tannersville-ny","200","yes","https://senseisandy.com/bjj-classes/kids-tannersville-ny","Kids Jiu-Jitsu in Tannersville | Sensei Sandy BJJ","Kids Jiu-Jitsu That Builds Focus, Confidence, and Follow-Through.","tannersville","local/support page","informational or supporting","REVIEW INTENT"
"/bjj-classes/tannersville-ny","200","yes","https://senseisandy.com/bjj-classes/tannersville-ny","Brazilian Jiu-Jitsu in Tannersville, NY | Sensei Sandy BJJ","Brazilian Jiu-Jitsu in Tannersville, NY","tannersville","local landing page","commercial local","KEEP"
"/bjj-classes/teens-tannersville-ny","200","yes","https://senseisandy.com/bjj-classes/teens-tannersville-ny","Teen Jiu-Jitsu in Tannersville, NY | Sensei Sandy BJJ","Teen Jiu-Jitsu &amp; Self-Defense in Tannersville, NY","tannersville","local/support page","informational or supporting","REVIEW INTENT"
"/bjj-classes/windham-ny","200","yes","https://senseisandy.com/bjj-classes/windham-ny","Brazilian Jiu-Jitsu Near Windham, NY | Sensei Sandy BJJ","Jiu-Jitsu &amp; Martial Arts Near Windham, NY","windham","local landing page","commercial local","KEEP"
"/blog/beginner-friendly-bjj-tannersville-evidence","200","yes","https://senseisandy.com/blog/beginner-friendly-bjj-tannersville","Beginner Friendly BJJ in Tannersville NY | Sensei Sandy","Beginner Friendly BJJ in Tannersville: How to Start Without Feeling Lost","tannersville","informational article","informational or supporting","REVIEW INTENT"
"/blog/beginner-friendly-bjj-tannersville","200","yes","https://senseisandy.com/blog/beginner-friendly-bjj-tannersville","Beginner-Friendly BJJ in Tannersville | Sensei Sandy","Beginner Friendly BJJ in Tannersville: How to Start Without Feeling Lost","tannersville","informational article","informational or supporting","REVIEW INTENT"
"/blog/gi-bjj-windham-ny","200","yes","https://senseisandy.com/blog/gi-bjj-windham-ny","Gi Jiu Jitsu Windham NY | Beginner BJJ | Sensei Sandy BJJ","Gi Jiu Jitsu in Windham NY: Why It’s the Best Way to Start","windham","informational article","informational or supporting","REVIEW INTENT"
"/blog/hunter-elementary-tuesday-drop-off-bjj","200","yes","https://senseisandy.com/blog/hunter-elementary-tuesday-drop-off-bjj","Hunter Elementary Tuesday Drop-Off Request to Sensei Sandy BJJ","How to Request Tuesday After-School Drop-Off to Sensei Sandy BJJ From Hunter Elementary","hunter","informational article","informational or supporting","REVIEW INTENT"
"/blog/jiu-jitsu-near-hunter-mountain","200","yes","https://senseisandy.com/blog/jiu-jitsu-near-hunter-mountain","Jiu Jitsu Near Hunter Mountain: What to Expect","Jiu Jitsu Near Hunter Mountain: What to Expect","hunter","informational article","informational or supporting","REVIEW INTENT"
"/blog/jiu-jitsu-near-windham-mountain-club","200","yes","https://senseisandy.com/blog/jiu-jitsu-near-windham-mountain-club","Jiu-Jitsu Near Windham Mountain Club","Jiu-Jitsu Near Windham Mountain Club","windham","informational article","informational or supporting","REVIEW INTENT"
"/blog/jiu-jitsu-near-windham-mountain-club-ski-families","200","yes","https://senseisandy.com/blog/jiu-jitsu-near-windham-mountain-club-ski-families","Jiu-Jitsu Near Windham Mountain Club for Ski Families","Jiu-Jitsu Near Windham Mountain Club for Ski Families","windham","informational article","informational or supporting","REVIEW INTENT"
"/blog/jiu-jitsu-windham-ny","200","yes","https://senseisandy.com/blog/jiu-jitsu-windham-ny","Jiu Jitsu Windham NY: Where Locals Train","Jiu Jitsu Windham NY: Where Locals Train","windham","informational article","informational or supporting","REVIEW INTENT"
"/blog/kids-jiu-jitsu-windham-ny","200","yes","https://senseisandy.com/blog/kids-jiu-jitsu-windham-ny","Kids Jiu Jitsu Windham NY | After-School BJJ | Sensei Sandy","Kids Jiu-Jitsu in Windham, NY: A Structured After-School Option","windham","informational article","informational or supporting","REVIEW INTENT"
"/blog/kids-martial-arts-haines-falls","200","yes","https://senseisandy.com/blog/kids-martial-arts-haines-falls","Kids Martial Arts Haines Falls | Beginner BJJ","Kids Martial Arts Haines Falls","haines falls","informational article","informational or supporting","REVIEW INTENT"
"/blog/kids-martial-arts-haines-falls-beginner-friendly-jiu-jitsu","200","yes","https://senseisandy.com/blog/kids-martial-arts-haines-falls-beginner-friendly-jiu-jitsu","Kids Martial Arts Near Haines Falls: Beginner-Friendly Jiu-Jitsu","Kids Martial Arts Near Haines Falls: Beginner-Friendly Jiu-Jitsu","haines falls","informational article","informational or supporting","REVIEW INTENT"
"/blog/martial-arts-windham-ny-why-families-pick-jiu-jitsu","200","yes","https://senseisandy.com/blog/martial-arts-windham-ny-why-families-pick-jiu-jitsu","Martial Arts in Windham, NY: Why Families Pick Jiu-Jitsu","Martial Arts in Windham, NY: Why Families Pick Jiu-Jitsu","windham","informational article","informational or supporting","REVIEW INTENT"
"/blog/no-gi-windham-ny","200","yes","https://senseisandy.com/blog/no-gi-windham-ny","No-Gi Jiu-Jitsu Near Windham, NY | Sensei Sandy","No-Gi Jiu-Jitsu Near Windham, NY: What to Expect","windham","informational article","informational or supporting","REVIEW INTENT"
"/blog/private-jiu-jitsu-lessons-windham-ny","200","yes","https://senseisandy.com/blog/private-jiu-jitsu-lessons-windham-ny","Private Jiu Jitsu Lessons Windham NY | 1-on-1 BJJ | Sensei Sandy","Private Jiu Jitsu Lessons in Windham NY: Is It Worth It?","windham","informational article","informational or supporting","REVIEW INTENT"
"/blog/tannersville-bjj-tuesday","200","yes","https://senseisandy.com/blog/tannersville-bjj-tuesday","Tuesday Brazilian Jiu-Jitsu in Tannersville, NY (All Ages)","Tuesday Brazilian Jiu-Jitsu in Tannersville, NY (Kids • Teens • Adults)","tannersville","informational article","informational or supporting","REVIEW INTENT"
"/blog/teen-jiu-jitsu-hunter-ny","200","yes","https://senseisandy.com/blog/teen-jiu-jitsu-hunter-ny","Teen Jiu Jitsu Hunter NY | Confidence &amp; BJJ | Sensei Sandy","Teen Jiu Jitsu in Hunter NY: A Clear Path to Confidence","hunter","informational article","informational or supporting","REVIEW INTENT"
"/blog/things-to-do-near-hunter-ny-private-bjj-coaching","200","yes","https://senseisandy.com/blog/things-to-do-near-hunter-ny-private-bjj-coaching","Things to Do Near Hunter, NY: Private BJJ Coaching","Things to Do Near Hunter, NY: Beginner-Friendly Private Brazilian Jiu-Jitsu Coaching","hunter","informational article","informational or supporting","REVIEW INTENT"
