URL,Canonical
/kids,/bjj-classes/kids-tannersville-ny
/teens,/bjj-classes/teens-tannersville-ny
/adults,/bjj-classes/adults-tannersville-ny
/teen-jiu-jitsu-tannersville-ny,/bjj-classes/teens-tannersville-ny
/programs,/programs
/bjj-classes/kids-tannersville-ny,/bjj-classes/kids-tannersville-ny
/bjj-classes/teens-tannersville-ny,/bjj-classes/teens-tannersville-ny
/bjj-classes/adults-tannersville-ny,/bjj-classes/adults-tannersville-ny
/schedule,/schedule
/free-bjj-intro-tannersville-ny,/free-bjj-intro-tannersville-ny
/annual-track,/annual-track
/elite-concierge,/elite-concierge
/medical-pause-policy,/medical-pause-policy
/laundry-policy,/laundry-policy
/bjj-faqs,/bjj-faqs
/law-enforcement-bjj,/law-enforcement-bjj
/inclusion,/inclusion
/class-rules,/class-rules

